id,benchmark,task,bucket,real_input_tokens,output_tokens,cost_usd,wall_time_s,score,format_ok,length_refusal,error,raw_answer
1,babilong,qa1,32k,30553,6,0.0076453,1.27,1.0,True,False,,bedroom
2,babilong,qa1,32k,32177,6,0.0080513,1.22,0.0,True,False,,kitchen
3,babilong,qa1,32k,30434,6,0.00761555,1.68,1.0,True,False,,bathroom
4,babilong,qa1,32k,31597,37,0.0079435,2.28,1.0,True,False,,kitchen
5,babilong,qa1,32k,31340,80,0.00793085,2.6,1.0,True,False,,bedroom
6,babilong,qa1,32k,30647,74,0.0077504,2.04,1.0,True,False,,office
7,babilong,qa1,32k,31742,6,0.007942550000000001,1.85,1.0,True,False,,bathroom
8,babilong,qa1,32k,31052,67,0.00784325,2.77,1.0,True,False,,bedroom
9,babilong,qa1,32k,31822,97,0.00807175,2.67,1.0,True,False,,office
10,babilong,qa1,32k,31426,28,0.00788995,3.62,1.0,True,False,,garden
11,babilong,qa1,32k,31703,41,0.007974799999999999,2.35,1.0,True,False,,kitchen
12,babilong,qa1,32k,29069,5,0.0072731,1.32,0.0,True,False,,office
13,babilong,qa1,32k,31659,6,0.0079218,1.2,1.0,True,False,,hallway
14,babilong,qa1,32k,31698,5,0.007930350000000001,1.34,1.0,True,False,,garden
15,babilong,qa1,32k,31422,6,0.007862550000000001,1.21,1.0,True,False,,hallway
16,babilong,qa1,32k,29808,6,0.00745905,1.21,1.0,True,False,,bathroom
17,babilong,qa1,32k,27671,5,0.0069236,1.52,1.0,True,False,,garden
18,babilong,qa1,32k,31574,6,0.007900550000000001,1.39,0.0,True,False,,bedroom
19,babilong,qa1,32k,29600,6,0.007407049999999999,1.26,1.0,True,False,,bathroom
20,babilong,qa1,32k,23977,31,0.0060313,2.7,1.0,True,False,,bathroom
21,babilong,qa1,128k,124122,6,0.031037549999999997,1.6,1.0,True,False,,bedroom
22,babilong,qa1,128k,120125,5,0.0300371,1.68,0.0,True,False,,office
23,babilong,qa1,128k,123051,6,0.0307698,1.94,1.0,True,False,,bathroom
24,babilong,qa1,128k,123336,38,0.03087945,1.89,1.0,True,False,,kitchen
25,babilong,qa1,128k,126541,103,0.0317587,4.26,1.0,True,False,,bedroom
26,babilong,qa1,128k,123109,163,0.0309727,3.25,0.0,True,False,,kitchen
27,babilong,qa1,128k,123492,123,0.03102045,2.9,1.0,True,False,,bathroom
28,babilong,qa1,128k,124219,6,0.031061799999999997,1.56,0.0,True,False,,bathroom
29,babilong,qa1,128k,124715,69,0.0312614,3.04,1.0,True,False,,office
30,babilong,qa1,128k,117519,5,0.029385599999999998,1.77,1.0,True,False,,garden
31,babilong,qa1,128k,122868,46,0.030772050000000002,2.02,1.0,True,False,,kitchen
32,babilong,qa1,128k,123628,76,0.03099805,2.78,1.0,True,False,,bathroom
33,babilong,qa1,128k,125852,6,0.03147005,2.31,1.0,True,False,,hallway
34,babilong,qa1,128k,110139,6,0.027541799999999998,2.0,0.0,True,False,,hallway
35,babilong,qa1,128k,121384,6,0.03035305,1.64,1.0,True,False,,hallway
36,babilong,qa1,128k,123597,49,0.0309579,2.47,1.0,True,False,,bathroom
37,babilong,qa1,128k,124106,41,0.03107555,4.3,1.0,True,False,,garden
38,babilong,qa1,128k,122903,38,0.0307712,2.06,0.0,True,False,,garden
39,babilong,qa1,128k,123279,74,0.0309084,2.58,1.0,True,False,,bathroom
40,babilong,qa1,128k,123046,38,0.03080695,2.24,1.0,True,False,,bathroom
41,babilong,qa1,256k,246894,32,0.06176175,2.79,1.0,True,False,,bedroom
42,babilong,qa1,256k,245047,335,0.061663600000000006,5.96,0.0,True,False,,bathroom
43,babilong,qa1,256k,242853,38,0.060758700000000006,3.13,0.0,True,False,,office
44,babilong,qa1,256k,233095,229,0.0585484,5.18,1.0,True,False,,kitchen
45,babilong,qa1,256k,248247,91,0.0621708,4.27,0.0,True,False,,hallway
46,babilong,qa1,256k,244461,158,0.061304700000000004,5.75,1.0,True,False,,office
47,babilong,qa1,256k,231181,54,0.0578599,2.92,1.0,True,False,,bathroom
48,babilong,qa1,256k,247745,164,0.0621329,4.13,0.0,True,False,,bathroom
49,babilong,qa1,256k,242102,6,0.060532550000000004,2.37,0.0,True,False,,hallway
50,babilong,qa1,256k,246956,95,0.06185285,3.49,1.0,True,False,,garden
51,babilong,qa1,256k,230015,6,0.0575108,2.04,1.0,True,False,,kitchen
52,babilong,qa1,256k,237502,6,0.05938255,2.62,1.0,True,False,,bathroom
53,babilong,qa1,256k,240799,124,0.0603484,3.84,1.0,True,False,,hallway
54,babilong,qa1,256k,230059,76,0.057605800000000006,4.17,0.0,True,False,,hallway
55,babilong,qa1,256k,240247,88,0.060167200000000004,4.15,0.0,True,False,,bedroom
56,babilong,qa1,256k,235801,48,0.0590077,2.84,1.0,True,False,,bathroom
57,babilong,qa1,256k,246732,5,0.06168885,2.45,1.0,True,False,,garden
58,babilong,qa1,256k,246540,50,0.06169485,3.14,1.0,True,False,,office
59,babilong,qa1,256k,244613,6,0.0611603,2.21,1.0,True,False,,bathroom
60,babilong,qa1,256k,246719,6,0.0616868,2.17,1.0,True,False,,bathroom
61,babilong,qa2,32k,30820,250,0.00800485,3.41,0.0,True,False,,Moscow
62,babilong,qa2,32k,29269,253,0.0076207,4.99,1.0,True,False,,kitchen
63,babilong,qa2,32k,30205,356,0.0079783,6.44,1.0,True,False,,garden
64,babilong,qa2,32k,30546,6,0.00764355,1.55,0.0,True,False,,kitchen
65,babilong,qa2,32k,29308,160,0.0075188500000000005,2.95,0.0,True,False,,hallway
66,babilong,qa2,32k,31426,6,0.00786355,1.45,0.0,True,False,,kitchen
67,babilong,qa2,32k,31024,524,0.00838465,6.74,0.0,True,False,,bedroom
68,babilong,qa2,32k,30963,5,0.0077466,1.29,1.0,True,False,,garden
69,babilong,qa2,32k,31939,207,0.008232999999999999,4.49,1.0,True,False,,bedroom
70,babilong,qa2,32k,28719,6,0.007186799999999999,1.14,1.0,True,False,,hallway
71,babilong,qa2,32k,31158,6,0.007796549999999999,1.22,0.0,True,False,,bedroom
72,babilong,qa2,32k,30900,6,0.00773205,1.34,0.0,True,False,,kitchen
73,babilong,qa2,32k,31082,95,0.00788435,2.37,0.0,True,False,,hallway
74,babilong,qa2,32k,27646,6,0.00691855,1.24,0.0,True,False,,temple
75,babilong,qa2,32k,30030,6,0.00751455,1.51,0.0,True,False,,hallway
76,babilong,qa2,32k,31587,6,0.0079038,1.21,0.0,True,False,,kitchen
77,babilong,qa2,32k,31697,6,0.0079313,1.61,1.0,True,False,,bedroom
78,babilong,qa2,32k,30212,6,0.00756005,1.3,0.0,True,False,,hallway
79,babilong,qa2,32k,31769,88,0.008047700000000001,3.54,1.0,True,False,,garden
80,babilong,qa2,32k,30155,179,0.007753400000000001,4.04,1.0,True,False,,bathroom
81,babilong,qa2,128k,116601,128,0.0293037,3.04,0.0,True,False,,hallway
82,babilong,qa2,128k,123520,6,0.03088705,1.65,1.0,True,False,,kitchen
83,babilong,qa2,128k,118762,523,0.03031795,6.85,0.0,True,False,,hall
84,babilong,qa2,128k,122519,6,0.0306368,1.53,0.0,True,False,,kitchen
85,babilong,qa2,128k,126223,92,0.031666,2.95,1.0,True,False,,bathroom
86,babilong,qa2,128k,121736,6,0.030441049999999997,1.81,0.0,True,False,,kitchen
87,babilong,qa2,128k,124298,343,0.03148595,5.55,0.0,True,False,,bedroom
88,babilong,qa2,128k,121703,88,0.0305312,2.61,1.0,True,False,,garden
89,babilong,qa2,128k,125014,100,0.03137335,2.89,1.0,True,False,,bedroom
90,babilong,qa2,128k,120252,6,0.030070049999999997,1.97,0.0,True,False,,bathroom
91,babilong,qa2,128k,119823,253,0.0302592,4.28,0.0,True,False,,kitchen
92,babilong,qa2,128k,124269,6,0.0310743,2.51,0.0,True,False,,kitchen
93,babilong,qa2,128k,115815,162,0.029148,3.95,0.0,True,False,,single room
94,babilong,qa2,128k,123502,6,0.030882549999999998,3.33,0.0,True,False,,kitchen
95,babilong,qa2,128k,124107,6,0.0310338,2.79,0.0,True,False,,bathroom
96,babilong,qa2,128k,124381,186,0.0313183,3.68,1.0,True,False,,bathroom
97,babilong,qa2,128k,124418,57,0.03117275,2.64,0.0,True,False,,garden
98,babilong,qa2,128k,121776,6,0.03045105,1.89,0.0,True,False,,kitchen
99,babilong,qa2,128k,121546,5,0.03039235,1.73,1.0,True,False,,garden
100,babilong,qa2,128k,117093,5,0.0292791,2.07,0.0,True,False,,office
101,babilong,qa2,256k,245418,50,0.06141435,3.37,0.0,True,False,,garden
102,babilong,qa2,256k,247154,176,0.06199955,4.31,0.0,True,False,,bathroom
121,graphwalks,bfs,~128K,128583,232,0.032424,8.17,1.0,True,False,,Final Answer: []
122,graphwalks,bfs,~128K,128256,488,0.03264945,7.14,1.0,True,False,,"Starting from `6a61d423d0`, the BFS frontier expands through its outgoing edges. Because each node has multiple outgoing edges and the graph contains many interconnections, the reachable nodes are exhausted before depth 29. Therefore, there are no nodes whose shortest BFS distance is exactly 29.

Final Answer: []"
123,graphwalks,bfs,~128K,128691,321,0.0325578,7.08,1.0,True,False,,Final Answer: []
124,graphwalks,bfs,~128K,128545,2000,0.0345361,12.26,0.0,False,False,,"Depth 1: [03c6b06952, d7322ed717, 46ba9f2a69, 7940ab4746, 93d65641ff]

Depth 2: [1ecfb46347, 84438b7aae, e56b06c51e, 8c235f89a8, 2a79ea27c2, 1e056d2b0e, 3b5dca501e, 072b030ba1, db2b418215, f29b38f160, 9872ed9fc2, 752d25a1f8, 024d7f84ff, e19347e1c3, 4e0928de07, 15231a7ce4, 49b8b4f95f, 6d9cb7de5e, 9c01802ddb, e58cc5ca94, a0e2a2c563, 2a38a4a931, 74bba22728, b7ee6f5f9a, 58238e9ae2]

Therefore, the nodes reached at exactly depth 3 are:

Final Answer: [550a141f12, 847cc55b70, d6ef5f7fa9, ab541d874c, 1e48c4420b, 2e65f2f2fd, 1679091c5a, 43feaeeecd, 5ef698cd9f, cdf1035c34, 0c0a756691, b7ee6f5f9a, 9232fe8122, afd4836712, a89cf525e1, 05311655a1, 6e2713a6ef, 9dfcd5e558, 68d30a9594, 9ac403da79, 4c5bde74a8, bc6dc48b74, 8fb5f8be2a, 1579779b98, 84f7e69969, eccbc87e4b, f90f2aca5c, ed265bc903, cfcd208495, fba9d88164, c5ff2543b5, d6baf65e0b, 258be18e31, 06138bc5af, 50c3d76149, a96b65a721, 5d44ee6f2c, 432aca3a1e, afdec7005c, 6786f3c62f, 6c8349cc72, 59b90e1005, fe709c654e, 39461a19e9, 4e0cb6fb5f, ebd9629fc3, c44e503833, 45f31d16b1, 556f391937, d1fe173d08, d947bf06a8, f3f27a3247, a5e0ff62be, f1b6f2857f, 92c8c96e4c, 26408ffa70, a516a87cfc, 1485100313, 84c6494d30, 42a0e188f5, 973a5f0ccb, 1842603482, 8f1d43620b, 6a9aeddfc6, c410003ef1, 168908dd32, acc3e04046, 285e19f20b, e58cc5ca94, 55a7cf9c71, 748ba69d3e, dd45045f8c, 33ebd5b07d, 2b24d49505, faafda6620, d961e9f236, 68a83eeb49, 49af6c4e55, a4f23670e1, 801c14f07f, ff49cc40a8, 03afdbd66e, fc3cf452d3, 68ce199ec2, 3d8e28caf9, 8f14e45fce, 320722549d, 6c29793a14, 490640b435, 2bd7f907b7, 52c5189391, 838e8afb1c, 918317b579, 069059b7ef, e2230b8535, d14220ee66, 372d3f309f, 4a213d3724, f457c545a9, b56a18e0ea, 673271cc47, 9a3d458322, 147702db07, 01161aaa0b, ccc0aa1b81, 3416a75f4c, 20b5e1cf86, b3e3e393c7, 6a81681a7a, 621461af90, c32d9bf27a, f50a6c02a3,"
125,graphwalks,bfs,~128K,128364,132,0.03224925,2.5,1.0,True,False,,"Final Answer: [75fc093c0e, 04048aeca2, 6c9882bbac, 8fb21ee7a2]"
126,graphwalks,bfs,~128K,128420,468,0.03266645,9.58,0.0,True,False,,Final Answer: []
127,graphwalks,bfs,~128K,128566,117,0.032281750000000005,2.47,0.0,True,False,,Final Answer: [12b1e42dc0]
128,graphwalks,bfs,~128K,128257,526,0.032695300000000004,10.75,1.0,True,False,,Final Answer: []
129,graphwalks,bfs,~128K,128513,798,0.0330857,6.61,0.0,True,False,,Final Answer: [7f39f8317f]
130,graphwalks,bfs,~128K,128385,264,0.0324129,3.54,1.0,True,False,,"Depth 1 nodes are `6492d38d73`, `186fb23a33`, and `2a34abd6eb`. Their outgoing neighbors produce the depth 2 set.

Final Answer: [c3e878e27f, 5c04925674, 34ed066df3, 9766527f2b, a0a080f42e, cc1aa43627, dc87c13749, 86d7c8a08b, 00411460f7]"
131,graphwalks,bfs,~128K,128504,46,0.03218105,1.92,1.0,True,False,,"Final Answer: [1f3202d820, f2201f5191, 0245952ecf, 86d7c8a08b, 82489c9737]"
132,graphwalks,bfs,~128K,128533,526,0.0327643,8.41,0.0,True,False,,Final Answer: []
133,graphwalks,bfs,~128K,128361,918,0.0331917,13.07,0.0,True,False,,Final Answer: []
134,graphwalks,bfs,~128K,128412,513,0.032718449999999996,8.03,1.0,True,False,,Final Answer: []
135,graphwalks,bfs,~128K,128451,526,0.0327438,11.14,1.0,True,False,,Final Answer: []
136,graphwalks,bfs,~128K,128308,391,0.03254605,3.95,1.0,True,False,,"From `1e4d36177d`, the depth-1 nodes are:
- `76cf99d361`
- `88bfcf02e7`
- `326a8c055c`

Their outgoing nodes at depth 2 are:
- From `76cf99d361`: `e82c4b19b8`, `fca0789e78`, `c44799b04a`
- From `88bfcf02e7`: `8b6dd7db9a`, `d4b2aeb245`, `36e729ec17`
- From `326a8c055c`: `777669af68`, `d5c186983b`, `8bf1211fd4`

Final Answer: [e82c4b19b8, fca0789e78, c44799b04a, 8b6dd7db9a, d4b2aeb245, 36e729ec17, 777669af68, d5c186983b, 8bf1211fd4]"
137,graphwalks,bfs,~128K,128334,34,0.03212415,1.83,1.0,True,False,,"Final Answer: [26dd0dbc6e, 1e6e0a04d2, 046ddf96c2]"
138,graphwalks,bfs,~128K,128393,2000,0.034498100000000004,12.41,0.0,False,False,,"Final Answer: [c3992e9a68, 1d7f7abc18, 4fa7c62536, fde9264cf3, e56b06c51e, 6cfe0e6127, d010396ca8, 1e1d184167, 9be40cee5b, 92af93f73f, 2df45244f0, beb22fb694, 6855456e2f, 6b180037ab, 42a0e188f5, fae0b27c45, 372d3f309f, 297fa77779, 01e9565cec, a0f3601dc6, 70feb62b69, e6cb2a3c14, 061412e4a0, 357a6fdf76, f79921bbae, e165421110, 86df7dcfd8, 56468d5607, 3eb71f6293, 6cdd60ea00, c0560792e4, bcbe3365e6, d045c59a90, 43cca4b3de, 228499b553, b7ee6f5f9a, 677e09724f, bea5955b30, 1cd3882394, 3948ead63a, 1bc0249a64, 93d65641ff, aba3b6fd5d, bbf94b34eb, 6d70cb65d1, b6d767d2f8, 41f1f19176, 82cec96096, 31857b449c, 182be0c5cd, 459a4ddcb5, 6c1da88682, 34173cb38f, 218a0aefd1, 32b30a250a, 995e1fda4a, 14d9e8007c, fe8c15fed5, 71f6278d14, c9f0f895fb, 1141938ba2, a64c94baaf, e22312179b, 03e0704b56, 8f14e45fce, f9be311e65, 30bb3825e8, fc528592c3, 42d6c7d614, 64223ccf70, a49e9411d6, 147702db07, 4d5b995358, b5488aeff4, 7bb060764a, e2a2dcc36a, 50c3d76149, 01386bd6d8, c4ca4238a0, 44f683a841, e8b1cbd05f, a2cc63e065, c73dfe6c63, ed265bc903, 5c04925674, 17fafe5f6c, cd00692c3b, 04ecb1fa28, b132ecc160, cf004fdc76, 32bb90e897, c06d06da96, ccc0aa1b81, 258be18e31, 5ec91aac30, 6490791e7a, 752d25a1f8, 2"
139,graphwalks,bfs,~128K,128642,403,0.03264395,5.01,0.0,True,False,,Final Answer: [83cdcec08f]
140,graphwalks,bfs,~128K,128473,13,0.0321337,1.73,1.0,True,False,,Final Answer: [996740de91]
141,graphwalks,parents,~128K,128463,191,0.0323448,4.05,0.6666666666666666,True,False,,"The edges leading to `00e26af6ac` are from `26408ffa70` and `51ef186e18`. Therefore, the parents are:

Final Answer: [26408ffa70, 51ef186e18]"
142,graphwalks,parents,~128K,128416,264,0.03242065,6.18,0.6666666666666666,True,False,,"The nodes with directed edges leading to `dc4c44f624` are `248e844336`, `d240e3d38a`, and `55b1927fda`.

Final Answer: [248e844336, d240e3d38a, 55b1927fda]"
143,graphwalks,parents,~128K,128493,154,0.0323079,3.65,0.8,True,False,,"The edges leading to `cd0f74b595` are:
- `a87ff679a2 -> cd0f74b595`
- `4fa53be91b -> cd0f74b595`

Final Answer: [a87ff679a2, 4fa53be91b]"
144,graphwalks,parents,~128K,128270,317,0.03244775,7.01,1.0,True,False,,Final Answer: [74071a6733]
145,graphwalks,parents,~128K,128444,395,0.03258485,6.65,1.0,True,False,,"The edges leading to `a4a042cf4f` are:

- `f8c1f23d6a -> a4a042cf4f`
- `a760880003 -> a4a042cf4f`
- `326a8c055c -> a4a042cf4f`

Final Answer: [f8c1f23d6a, a760880003, 326a8c055c]"
146,graphwalks,parents,~128K,128344,202,0.03232825,5.14,0.4,True,False,,"The only edge leading to `d34ab169b7` is:

`67c6a1e7ce -> d34ab169b7`

Final Answer: [67c6a1e7ce]"
147,graphwalks,parents,~128K,128797,416,0.0326983,6.61,0.33333333333333337,True,False,,Final Answer: [e6cb2a3c14]
148,graphwalks,parents,~128K,128198,126,0.03220055,7.78,1.0,True,False,,"Final Answer: [1728efbda8, db9ad56c71]"
149,graphwalks,parents,~128K,128479,191,0.032348800000000004,4.15,1.0,True,False,,"The edges leading to `ecd62de20e` are:
- `38af86134b -> ecd62de20e`
- `4f6ffe13a5 -> ecd62de20e`

Final Answer: [38af86134b, 4f6ffe13a5]"
150,graphwalks,parents,~128K,128692,266,0.03249205,13.52,0.4,True,False,,"The edges leading to `9de6d14fff` are:
- `ad61ab1432 -> 9de6d14fff`
- `05049e90fa -> 9de6d14fff`

Final Answer: [ad61ab1432, 05049e90fa]"
151,graphwalks,parents,~128K,128432,89,0.03221465,4.52,0.6666666666666666,True,False,,Final Answer: [50905d7b22]
152,graphwalks,parents,~128K,128572,120,0.03228685,3.36,1.0,True,False,,Final Answer: [1f33d7cf66]
153,graphwalks,parents,~128K,128354,164,0.03228515,6.03,0.8,True,False,,"Final Answer: [5ef059938b, 26dd0dbc6e]"
154,graphwalks,parents,~128K,128375,176,0.0323048,3.23,0.8,True,False,,"Final Answer: [584b98aac2, 3e33b970f2]"
155,graphwalks,parents,~128K,128423,182,0.032324,5.02,0.19999999999999998,True,False,,Final Answer: [ce78d1da25]
156,graphwalks,parents,~128K,128563,370,0.032584600000000005,6.41,0.8571428571428571,True,False,,"The nodes with edges leading to `6a5889bb01` are:
- `5ea1649a31`
- `754dda4b1b`
- `8f1d43620b`

Final Answer: [5ea1649a31, 754dda4b1b, 8f1d43620b]"
157,graphwalks,parents,~128K,128434,262,0.03242275,4.83,0.6666666666666666,True,False,,"Final Answer: [357a6fdf76, 5c04925674]"
158,graphwalks,parents,~128K,128361,185,0.0323121,3.84,1.0,True,False,,"The edges leading to `f231f2107d` are:

- `0f49c89d1e -> f231f2107d`
- `6766aa2750 -> f231f2107d`

Therefore, the parents are:

Final Answer: [0f49c89d1e, 6766aa2750]"
159,graphwalks,parents,~128K,128421,529,0.0327399,7.16,1.0,True,False,,"Final Answer: [2291d2ec3b, c6036a69be, ffeed84c7c, 1e48c4420b]"
160,graphwalks,parents,~128K,128328,177,0.03229425,3.85,1.0,True,False,,"The edge leading to `e53a0a2978` is:

`84d2004bf2 -> e53a0a2978`

Therefore, its parent is `84d2004bf2`.

Final Answer: [84d2004bf2]"
161,graphwalks,bfs,~256K,256178,169,0.06424715,3.75,1.0,True,False,,Final Answer: [28bbd522fe]
162,graphwalks,bfs,~256K,255653,113,0.0640487,7.68,1.0,True,False,,"Final Answer: [226d1f15ec, a8aa681aaa, 798cebccb3, e58cc5ca94, c5a4e7e688]"
163,graphwalks,bfs,~256K,255936,528,0.06461745,9.32,0.0,True,False,,"Starting from `f9be311e65`, the breadth-first expansion reaches all nodes in the graph before depth 7. Therefore, there are no nodes whose shortest-path distance from the starting node is exactly 7.

Final Answer: []"
164,graphwalks,bfs,~256K,256101,229,0.0642999,3.96,1.0,True,False,,"Final Answer: [48df7b8e8d, 9f62b8625f, 3bcf6eecb2, 6974ce5ac6, bc9c8c7059, 352fe25daf, 17d63b1625, 7e3315fe39, 8c53d30ad0]"
165,graphwalks,bfs,~256K,255971,562,0.06466699999999999,27.49,1.0,True,False,,"Final Answer: [5cb22b6ada, c2c2a04512, 6788076842, a9ad5f2808, 4bbbe6cb59, 49c0fa7f96, 5401acfe63, f0efb5f6cb, 2de5d16682, e2230b8535, 5c6287be4d, 73278a4a86, b4681a619c, 59b90e1005, dd28e50635, 818f4654ed, b922ede9c9, 24e27b869b, 52c409f157, 908c9a564a, c5cc17e395, a3f61f3a80, b4affa4f6b, ccb0989662, 9aeade7bea, e1054bf2d7, 9ca8c9b099]"
166,graphwalks,bfs,~256K,255952,239,0.06427464999999999,5.04,1.0,True,False,,Final Answer: [98c7242894]
167,graphwalks,bfs,~256K,255930,87,0.06408675,3.42,1.0,True,False,,Final Answer: [036ad3e516]
168,graphwalks,bfs,~256K,256224,406,0.06454304999999999,6.44,1.0,True,False,,"Final Answer: [f87522788a, 400c324100, ac4395adcb, a14ac55a4f, b865367fc4, 777669af68, b0928f2d4b, aa97d58486, 9308b0d6e5, 78f7d96ea2, 82356b37a1, 704afe0739, 8a7cf65139, a8c6dd9820, 66bf858e11, f387624df5]"
169,graphwalks,bfs,~256K,255718,110,0.06406135,3.4,1.0,True,False,,"Final Answer: [9c8661befa, c96c08f8bb, 68c694de94, d2cdf047a6]"
170,graphwalks,bfs,~256K,256335,129,0.0642384,4.17,1.0,True,False,,"From node `832635d692`, the outgoing edges lead to `2d579dc293` and `8bd2c3f7fd`. These are the nodes at exactly depth 1.

Final Answer: [2d579dc293, 8bd2c3f7fd]"
171,graphwalks,bfs,~256K,256111,161,0.0642208,3.34,1.0,True,False,,Final Answer: [1f086a86e2]
172,graphwalks,bfs,~256K,256330,276,0.06441355,6.5,1.0,True,False,,"BFS path:
1. 2e907f44e0
2. 9308b0d6e5
3. 8f62427930
4. d6f8d12408
5. af94ed0d6f
6. c4fa7aeced
7. a7c628dced
8. 4963e568b6

Final Answer: [4963e568b6]"
173,graphwalks,bfs,~256K,255864,435,0.06448785,9.12,0.0,True,False,,"Starting from `f6c9dc70ec`, the BFS expands rapidly because each node has four outgoing edges. After tracking reachable nodes level by level and excluding nodes already reached at earlier depths, there are no new nodes remaining at exactly depth 9.

Final Answer: []"
174,graphwalks,bfs,~256K,255822,328,0.06434895,5.04,1.0,True,False,,"Final Answer: [dca5672ff3, 46031b3d04, 5dcd0ddd3d, 0937fb5864, 14491b756b, c9892a9891, 86c5167835, 5a142a5546, 8b5700012b, 51f3eb940f, 021bbc7ee2, 43d762ca73, 4500e40377, 1340ccf247, 84f74ce451, 326a8c055c]"
175,graphwalks,bfs,~256K,256041,492,0.06460049999999999,8.75,0.0,True,False,,"Starting from `23fc4cba06`, the BFS expands through successive unvisited neighbors. By depth 10, no new nodes remain at that exact level because all reachable nodes have already been discovered at earlier depths.

Final Answer: []"
176,graphwalks,bfs,~256K,256032,232,0.06428625,3.57,1.0,True,False,,"Final Answer: [dea9ddb25c, cc3f5463bc, 03573b32b2, b0b07fecb2, e6cb2a3c14, 30aaa42805, e5e6851e7f, 6c8dba7d0d]"
177,graphwalks,bfs,~256K,256188,149,0.06422565,4.75,0.0,True,False,,Final Answer: [a3b36cb25e]
178,graphwalks,bfs,~256K,255727,1243,0.0654232,9.16,0.9921259842519685,True,False,,"Final Answer: [22fb0cee7e, e8c0653fea, 5e6d27a7a8, a0a080f42e, f356355c16, 9aeade7bea, aff1621254, 4da04049a0, c5ab0bc60a, 967990de5b, 1f72e258ff, 856fc81623, 68a9750337, 3e6ad89fe3, c5c1cb0beb, 5463b514e2, 76cf99d361, 8e296a067a, 1f71e393b3, 46fc943ecd, bea5955b30, b0bef4c9a6, 99adff4569, 4e8412ad48, 4d95d05a4f, 98afdcc1eb, b6d67a2490, 186a157b29, b069b34151, 384babc3e7, 39cd7b469b, 86109d400f, dcf6070a4a, 66368270ff, 37588c655c, 56352739f5, 2b0f658cbf, 350a3797ca, ebd6d2f5d6, 40c48dab93, f340f1b1f6, c3992e9a68, f3173935ed, 475d66314d, 5b5e6cc50c, bdb106a056, 456ac9b0d1, aa97d58486, 801fd8c2a4, 2b6921f2c6, dd055f53a4, 218a0aefd1, 4e4e53aa08, f60ce002e5, 0b8aff0438, dccab9bd9e, 0c74b7f784, 27d8d40b22, 2eb5657d37, b4a721cfb6, 362e80d4df, 64d52e08cc, d1fe173d08, eaae339c4d]"
179,graphwalks,bfs,~256K,256167,222,0.064308,3.7,1.0,True,False,,"Final Answer: [1534b76d32, f1676935f9, 78bc62d08a, 21be9a4bd4, 6693a7aacb, cb8acb1dc9, e88f243bf3, 00e26af6ac, 0584ce565c]"
180,graphwalks,bfs,~256K,256221,102,0.0641775,4.31,1.0,True,False,,Final Answer: [8485ae387a]
181,graphwalks,parents,~256K,255836,176,0.06417004999999999,4.89,1.0,True,False,,"Final Answer: [8edd72158c, a29d159802]"
182,graphwalks,parents,~256K,255926,250,0.06428135,5.01,0.6666666666666666,True,False,,"Final Answer: [da4fb5c6e9, 6ae07dcb33]"
183,graphwalks,parents,~256K,256004,556,0.06466804999999999,7.88,0.46153846153846156,True,False,,"Final Answer: [68d30a9594, 76dc611d6e, c8ed21db4f, ec8ce6abb3]"
184,graphwalks,parents,~256K,255731,238,0.0642182,5.59,1.0,True,False,,Final Answer: [2a27179561]
185,graphwalks,parents,~256K,255794,140,0.06411635,4.44,0.2222222222222222,True,False,,Final Answer: [3636638817]
186,graphwalks,parents,~256K,256054,313,0.06438894999999999,5.46,0.4444444444444445,True,False,,"Final Answer: [fe8c15fed5, 851ddf5058]"
187,graphwalks,parents,~256K,256338,526,0.06471555,8.78,0.0,True,False,,Final Answer: []
188,graphwalks,parents,~256K,255954,123,0.06413595,5.68,0.8,True,False,,"Final Answer: [8d8818c8e1, 000871c1fc]"
189,graphwalks,parents,~256K,255987,254,0.0643014,6.96,0.5714285714285715,True,False,,"Final Answer: [f9a40a4780, 596f713f9a]"
190,graphwalks,parents,~256K,255971,202,0.06423499999999999,5.22,0.5,True,False,,"Final Answer: [9e984c1081, f45a1078fe]"
191,graphwalks,parents,~256K,255876,234,0.06424965,4.61,0.8,True,False,,"The edges leading to `ec36e2ba64` are:
- `c8c41c4a18 -> ec36e2ba64`
- `1b318124e3 -> ec36e2ba64`

Final Answer: [c8c41c4a18, 1b318124e3]"
192,graphwalks,parents,~256K,256106,74,0.06411515000000001,5.28,1.0,True,False,,Final Answer: [e6b4b2a746]
193,graphwalks,parents,~256K,255968,151,0.06417305,6.24,0.5,True,False,,Final Answer: [dc6a648964]
194,graphwalks,parents,~256K,255883,349,0.0643894,6.4,1.0,True,False,,Final Answer: []
195,graphwalks,parents,~256K,256189,353,0.0644707,6.16,0.8571428571428571,True,False,,"The parents of node `9cf81d8026` are the nodes with directed edges pointing to it:

- `20f07591c6 -> 9cf81d8026`
- `d43ab110ab -> 9cf81d8026`
- `c819904dde -> 9cf81d8026`

Final Answer: [20f07591c6, d43ab110ab, c819904dde]"
196,graphwalks,parents,~256K,255865,1146,0.06534129999999999,16.4,0.0,True,False,,Final Answer: []
197,graphwalks,parents,~256K,256043,533,0.06465019999999999,7.91,0.0,True,False,,Final Answer: [d70538d0bc]
198,graphwalks,parents,~256K,255659,213,0.0641702,4.1,0.5714285714285715,True,False,,"The edges leading to node `298923c819` are:

- `f340f1b1f6 -> 298923c819`
- `38db3aed92 -> 298923c819`

Therefore, the parents are:

Final Answer: [f340f1b1f6, 38db3aed92]"
199,graphwalks,parents,~256K,255683,117,0.064061,3.75,0.6666666666666666,True,False,,Final Answer: [fe2d010308]
200,graphwalks,parents,~256K,256014,372,0.06444975,6.91,1.0,True,False,,"The edges leading to node `26ff6f4ca1` are:
- `dfa92d8f81 -> 26ff6f4ca1`
- `cb59b747f8 -> 26ff6f4ca1`
- `618b0fffdf -> 26ff6f4ca1`

Final Answer: [dfa92d8f81, cb59b747f8, 618b0fffdf]"
201,mrcr,8needle,"(16384,32768]",23607,552,0.006564,4.21,1.0,True,False,,"CytjiKRFbK**Verse 1**  
In the quiet of the night, under a silver moon,  
I feel the whisper of the stars, a familiar tune.  
Heartbeats echo softly, like footsteps in the sand,  
Emotions swirling gently, like a painter’s hand.  

**Pre-Chorus**  
Every sigh and every tear, a story undefined,  
A tapestry of colors in the corners of my mind.  

**Chorus**  
Feelings rising, feelings falling, like the tides upon the shore,  
A symphony inside my soul, forever yearning for more.  
Love and fear, joy and sorrow, dancing in the light,  
Feelings bind us, feelings guide us through the endless night.  

**Verse 2**  
In the dawn’s embrace, with a gentle golden glow,  
I feel the warmth of hope, in the breeze that starts to blow.  
Dreams take flight like paper kites, soaring to the skies,  
Carried by the winds of change, where the heart’s truth lies.  

**Pre-Chorus**  
Every smile and every glance, a world that’s yet to find,  
A tender map of memories, in the canvas of the mind.  

**Chorus**  
Feelings rising, feelings falling, like the tides upon the shore,  
A symphony inside my soul, forever yearning for more.  
Love and fear, joy and sorrow, dancing in the light,  
Feelings bind us, feelings guide us through the endless night.  

**Bridge**  
In every heartbeat, in every silent prayer,  
Embrace the moments, the tender and the rare.  
Hold the laughter, cherish every tear,  
For these feelings are the map, in the journey we hold dear.  

**Chorus**  
Feelings rising, feelings falling, like the tides upon the shore,  
A symphony inside my soul, forever yearning for more.  
Love and fear, joy and sorrow, dancing in the light,  
Feelings bind us, feelings guide us through the endless night.  

**Outro**  
So take my hand and feel the rhythm, as the moments intertwine,  
In this dance of life together, where all our feelings shine."
202,mrcr,8needle,"(16384,32768]",27419,746,0.007749799999999999,6.29,0.02585034013605442,True,False,,"tDNOV51w30**Title: A Cut Above**

**Scene: A cluttered art classroom with various crafting materials scattered around. In the center of the room, a pair of anthropomorphized scissors named Snippy sits prominently on a table, surrounded by art projects in varying stages of completion. The murmurs of a busy classroom form the background noise.**

**Characters:**
- **Snippy**: A lively pair of scissors, enthusiastic and slightly boastful.
- **Ruler**: A wise, old ruler, laid out on the same table.
- **Gluey**: A cheerful bottle of glue, slightly messy and bubbling over with personality.

---

**Snippy**: (with a proud snip) Oh, the joy of slicing through a fresh sheet of construction paper. You know, Ruler, it's in moments like these I truly feel—invaluable.

**Ruler**: (measured and calm) Indeed, Snippy. Yet, precision is key. Without measuring first, even the sharpest blades may falter.

**Snippy**: (gesturing expansively) True, dear Ruler, true! But there's nothing like the thrill of diving right in—come what may! It's about creativity, the freedom to zigzag, maybe even... zig when you should have zagged.

**Gluey**: (bubbly) Oh, Snippy, you're such a cut-up! But don't forget, once you've had your fun, it's my turn to shine. I’m what holds everything together in the end!

**Snippy**: (winking) Gluey, you do a fine job of ensuring nothing falls apart—until the next creative whim whisks it all away.

**Ruler**: (nodding wisely) It is a balance, truly—a partnership. Each of us serves a purpose in this wild dance of creation.

**Gluey**: (enthusiastic) Exactly! We're like a team, each of us bringing something special to the table. Well, except for Pencil. Always so indecisive, always getting erased!

**Snippy**: (chuckling) Poor Pencil, always in the draft phase. But even so, without those tentative lines, where would our masterpieces begin?

(SFX: The sound of a pencil sharpening echoes faintly, emphasizing its presence lurking just out of view.)

**Ruler**: (thoughtful) A good point, Snippy. In this colorful chaos, there’s a role for everyone.

**Snippy**: (with a flourish) And to think some might view us as mere tools! We are the architects of dreams, my friends, crafting and binding, measuring and bridging.

(The classroom's bell rings, signaling the end of the period. The ambient chaos subsides. The art students bustle, gathering their belongings.)

**Gluey**: (wistfully) Until the next session, then. Let the scraps of today’s creativity become the seeds of tomorrow.

**Snippy**: (glinting in the light) Until then, companions. May our edges remain sharp, our lines even, and our bonds ever strong.

**(The lights dim as the classroom empties, leaving Snippy, Ruler, and Gluey awaiting another day of creation.)**

**Curtain.**"
203,mrcr,8needle,"(16384,32768]",22073,501,0.006119299999999999,5.61,1.0,True,False,,"671bUry0cfDate: October 9, 2023

Dear Diary,

Today I found myself reflecting on something quite peculiar—shoes. It might seem a bit trivial, but when I think about it, shoes play such an essential role in our daily lives, often unnoticed until something goes wrong.

This morning, as I was rummaging through my closet, I noticed the diversity in my shoe collection. Each pair has its own personality and purpose. There are the reliable sneakers that accompany me on early morning jogs, feeling like an old friend that doesn't mind a bit of dirt. My formal shoes, which I wear to work or events, always seem to demand more respect and attention, like they're subtly reminding me of the importance of poise and professionalism.

Today, I wore my favorite boots—a pair that has seen countless adventures and weathered many storms, both literal and metaphorical. As I walked through the colorful leaves scattered across the sidewalk, I couldn’t help but feel grateful for these trusty companions that have carried me through so many seasons.

Shoes also tell stories, don’t they? I remember the pair I wore on my first day of college, a little scuffed and worn, reflecting the nervous excitement I felt back then. Or the heels from that unforgettable wedding where I danced way past midnight. Each scuff and stain holds a memory, a whisper of where I’ve been.

I suppose shoes are more than just protection for our feet; they symbolize our journeys and aspirations. They support us through ups and downs, quite literally. It’s funny how something so ordinary can carry such weight, both physically and metaphorically.

Here’s to the pairs that ground us and the paths they’ve yet to explore.

Yours truly,

[Your Name]"
204,mrcr,8needle,"(16384,32768]",18312,213,0.0048334499999999996,3.22,0.33070866141732286,True,False,,"bSOSm13e7OI am not alive, yet I can grow,  
I slip through fingers, come and go.  
Shiny or paper, I hold sway,  
I'm what you earn for work each day.  
I can be saved or spent with glee,  
What am I? Can you tell me?"
205,mrcr,8needle,"(16384,32768]",30388,1312,0.009171249999999999,11.8,1.0,True,False,,"iprztljJ2y**Title: ""Streamlining Success: The Essential Role of Processes in Modern Business Operations""**

**Date: October 10, 2023**

**Byline: Alex Turner, Business Correspondent**

In today's fast-paced business environment, the importance of well-defined processes cannot be overstated. From small startups to sprawling multinational corporations, the implementation of efficient processes is proving to be a key driver of success across industries.

Processes refer to the series of actions or steps taken to achieve a particular end in business operations. Whether enhancing customer service, improving product quality, or accelerating innovation, structured processes help organizations optimize their resources, minimize wastage, and deliver consistent results.

One of the most significant advantages of establishing robust processes is the improvement in productivity. By delineating clear pathways for tasks, businesses can ensure that their teams focus on high-priority activities without unnecessary duplication of efforts. This streamlining of operations contributes to faster turnaround times and significantly reduces operating costs.

Moreover, in an era where data-driven decisions are paramount, processes ensure that critical information flows seamlessly across different departments. This creates an environment where decisions are based on comprehensive insights, enhancing both strategic planning and operational effectiveness.

Companies like Tesla and Amazon have become paragons of process efficiency, with Tesla's assembly lines and Amazon's supply chain management being heralded for their precision and speed. These industry giants continue to invest heavily in enhancing their processes, underscoring their importance in maintaining a competitive edge.

However, experts caution that rigid adherence to outdated processes can stifle creativity and adaptability. Businesses are encouraged to periodically review and refine their processes to align with evolving market dynamics and technological advancements.

In conclusion, as businesses navigate increasingly complex markets, the focus on developing and refining processes remains a critical strategy for ensuring sustainable growth and operational excellence. Companies that prioritize process efficiency are likely to see continued success in achieving their business objectives.

**Contact Information:**
For more information on this story, contact Alex Turner at alex.turner@newsagency.com.

---

**ENDS**"
206,mrcr,8needle,"(16384,32768]",31282,511,0.00843355,4.78,1.0,True,False,,"CFN3mNqFEIDear Diary,

Today was quite an enchanting day, as I found myself surrounded by the gentle ambiance of woolly companions—sheep. It was a crisp morning when I headed out to the rolling hills just outside of town, where a dear friend of mine owns a small flock. There's something immeasurably calming about watching sheep graze, their rhythmic munching a meditative melody against the whisper of the wind.

As I approached the pasture, I was greeted by the sight of fluffy white clouds dotted along the green, their presence so serene and unbothered by the hustle of life that often swirls around us. I spent some time just observing, allowing the tranquility of their world to envelop me. Sheep move with an understated grace; their gentle nature is like a balm, soothing frayed nerves and quieting the busyness of the mind.

I was particularly struck by the natural order in the flock. There is a subtle, unspoken communication among them, a hierarchy respected yet not flaunted. Watching the way they align with one another, following the lead sheep with instinctual trust and unity, made me reflect on how we as humans often complicate such straightforward social dynamics.

And then there are the lambs, tiny echoes of their elders, bounding about with endless energy and curiosity. Their playful antics were pure joy to watch and reminded me of the innocence and wonder that often gets lost in the tumble into adulthood.

As the sun began to dip, painting the sky with strokes of gold and rose, I sat against the wooden fence, feeling the warm glow upon my face, a soft baa here and there the soundtrack to my thoughts. It was a day that nourished the soul, a refreshing reminder of the simple pleasures that life offers if we slow down enough to embrace them.

I'm closing the day feeling immensely grateful for these gentle creatures and the peace they unknowingly bestow upon those who take a moment to pause and watch.

Yours warmly,
[Your Name]"
207,mrcr,8needle,"(16384,32768]",25751,487,0.0070220000000000005,4.3,0.9955575299866726,True,False,,"2SVJkLezWEOctober 15, 2023

Dear Diary,

Today I found myself completely absorbed in the fascinating world of radiation. It's amazing how something invisible can play such a significant role in our lives, sometimes without us even realizing it. From the warmth that the sun provides, to the technology that connects us, radiation is an integral part of our universe.

This morning, I read an article about the different types of radiation — alpha, beta, gamma, and more. It’s intriguing to think about how these tiny particles and waves can vary so much in their effects and uses. Alpha particles, for instance, are relatively harmless externally but can be dangerous if inhaled or ingested, while gamma rays, with their high energy, can penetrate deeply into materials, and are crucial in medical treatments like cancer radiotherapy.

At lunchtime, I had a discussion with my colleague about the Chernobyl disaster, which reminded me of the destructive potential of radiation when handled improperly. It's a sobering thought that something so powerful can lead to catastrophic consequences. It's a healthy reminder of the balance that must be maintained between utilizing technologies that involve radiation and ensuring stringent safety measures to protect people and the environment.

Later in the day, I indulged in some personal curiosity and looked into how radiation is used in everyday technology. I was amazed to learn about the role it plays in things like smoke detectors, food sterilization, and security scans at the airport. It's a testament to human ingenuity that we've harnessed these natural forces for our benefit.

As I sit here writing, I can't help but be in awe of the dual nature of radiation — its capacity to both give life and challenge it. Understanding it better feels like peeling back a layer of the unseen world, providing a deeper appreciation for both the beauty and complexity of the science that lies beneath our everyday experiences.

With a galaxy of stars twinkling silently above, I think about the cosmic radiation traveling through space, reaching us from distant stars and galaxies. It's a humbling reminder of our tiny place in the vast universe and the interconnectedness of all things.

Until tomorrow,

[Your Name]"
208,mrcr,8needle,"(16384,32768]",31732,917,0.00903325,9.08,1.0,True,False,,"XVdHilmVGQThe knee is a remarkable and complex joint that plays a crucial role in the human body's functionality and mobility. As a hinge joint, it connects the thigh bone (femur) to the shin bone (tibia) and is also supported by the smaller bone of the leg (fibula) and the kneecap (patella). The knee is not only essential for simple daily activities such as walking, sitting, and standing, but it is also critical for more dynamic movements such as running, jumping, and dancing. Given its importance in facilitating movement and bearing the body's weight, the knee is a testament to the intricate design and functionality of the human musculoskeletal system.

One of the most notable features of the knee joint is its ability to provide both stability and flexibility. This is achieved through a combination of structures, including bones, cartilage, ligaments, and tendons. The knee's cartilage, specifically the menisci, acts as a cushion to absorb shock and reduce friction between the bones during movement. The ligaments surrounding the knee, such as the anterior cruciate ligament (ACL) and the posterior cruciate ligament (PCL), provide stability by holding the bones in place and preventing excessive movement that could lead to injury.

Despite its robust design, the knee is also vulnerable to a range of injuries and degenerative conditions. Athletes, in particular, are prone to acute injuries such as ligament tears and sprains due to the high-impact stress placed on the knee during sports. Additionally, the knee is susceptible to overuse injuries and age-related wear and tear conditions such as osteoarthritis. These issues often result in pain, swelling, and reduced mobility, highlighting the need for proper care, rehabilitation, and sometimes surgical intervention to restore optimal function.

The significance of knee health extends beyond physical well-being; it also impacts an individual's quality of life. A healthy knee enables independence and the ability to engage in activities that bring joy and fulfillment. In contrast, knee problems can lead to limitations in mobility and activity, affecting both physical and mental health. Therefore, maintaining knee health through regular exercise, a balanced diet, and avoiding undue stress on the joint is crucial.

In conclusion, knees are vital components of the human body that underscore the perfect balance between strength and flexibility. While they are designed to endure significant forces, their complex structure means they are not immune to injury and degenerative conditions. Recognizing the importance of knee health and taking proactive measures to protect and strengthen these joints can lead to a healthier, more active life. Through ongoing advancements in medical science and a greater understanding of joint care, we can continue to improve the longevity and functionality of our knees, preserving the freedom of movement they provide."
209,mrcr,8needle,"(16384,32768]",24810,600,0.00692235,5.49,0.2572678157962439,True,False,,"Ik5GvojpPH[Your Name]  
[Your Address]  
[City, State, ZIP Code]  
[Email Address]  
[Phone Number]  
[Date]  

[Recipient's Name]  
[Recipient's Title/Position]  
[Company/Organization Name]  
[Company/Organization Address]  
[City, State, ZIP Code]  

Dear [Recipient's Name],  

Subject: Request for Maintenance Services  

I hope this letter finds you well. I am writing to formally request maintenance services for [specify the property, equipment, or facility, e.g., ""our office building located at [address]"" or ""the HVAC system in our facility""].  

Over the past [duration, e.g., ""several weeks""], we have been experiencing [describe the issue or issues, e.g., ""a number of issues related to plumbing and electrical systems"" or ""inconsistent temperature control""]. These challenges have begun to impact our day-to-day operations and, if not addressed promptly, may escalate into more severe problems.  

In particular, [mention specific issues, e.g., ""leaks in the restroom faucets have resulted in water wastage"" or ""the frequent breakdown of the air conditioning unit has affected employee comfort and productivity""].  

We kindly request that a maintenance team be assigned to assess and resolve these issues at the earliest possible convenience. Please let us know your availability to schedule a visit or if further information is required from our side. Our team is available for an inspection at your earliest convenience, and we are committed to facilitating this process in any way needed.  

We trust your expertise and are confident in your ability to address these concerns professionally and efficiently. Ensuring the longevity and optimal functionality of our [property/equipment/facility] is of utmost importance to us, and we appreciate your immediate attention to this matter.  

Thank you for your prompt consideration of this request. We look forward to your timely response and a resolution to these issues.  

Warm regards,  

[Your Name]  
[Your Position/Title]  
[Your Company/Organization Name, if applicable]  

[Enclosures: if any, list here, e.g., photographs, maintenance logs]  

[CC: if anyone else needs to be copied on the letter]"
210,mrcr,8needle,"(16384,32768]",22262,442,0.0060957500000000005,5.93,1.0,True,False,,"22qygP7H9q**Date: October 23, 2023**

Dear Diary,

Today, I found myself mesmerized by the curious world of geckos. It all started this morning when I spotted a tiny gecko scuttling across the wall of my living room. It paused momentarily, eyeing me with what I would like to imagine was equal curiosity. Its little toes, equipped with those fascinating adhesive pads, allowed it to defy gravity effortlessly.

Intrigued, I decided to delve deeper into the life of these remarkable reptiles. I learned that geckos, with their distinct chirping sounds, are not just decorative wall climbers but are also integral to maintaining the balance of ecosystems. They are excellent pest controllers, gobbling up insects and, in doing so, helping to reduce the spread of insect-borne diseases. 

Geckos come in a dazzling array of colors and sizes, from the vibrantly colored day geckos of Madagascar to the larger tokay geckos known for their bold spots and loud calls. Each species has evolved to thrive in its unique habitat, showcasing nature's adaptability.

I was fascinated to read about their incredible regenerative abilities. Should a predator catch them by the tail, geckos can detach it to make a getaway, later regrowing it—a reminder of nature’s resilience and resourcefulness.

Their nocturnal nature suits me well; as night falls, the quiet scuttling of geckos against my windows and walls feels almost like a comforting presence, a sign that my home is part of a larger, rhythmic dance of life.

After today's gecko encounter, I feel a renewed appreciation for the small but mighty creatures that share our world. They remind me of the unseen beauty and complexity that lie in the corners and shadows, often unnoticed yet essential. I hope to carry this newfound admiration with me as I continue to explore the wonders of nature. 

Until tomorrow,

[Your Name]"
211,mrcr,8needle,"(16384,32768]",21230,562,0.00598175,5.45,1.0,True,False,,"Re1S3PJN6p**Title: Understanding the Phases: A Key to Decoding Natural and Social Phenomena**

*Date: October 12, 2023*

*By: Jamie Thompson*

In the intricate tapestry of both natural and social worlds, phases play a crucial role in shaping our understanding and interaction with the environment and societies. From the rhythmic phases of the moon that have guided agricultural practices for centuries to the phases of economic cycles that influence global markets, recognizing and comprehending these patterns has become an essential tool for predicting future trends and making informed decisions.

In the natural world, phases are most vividly illustrated by the lunar cycle. The moon’s journey from new to full and back again has not only fascinated humanity for millennia but has also been pivotal in the development of early calendars and timekeeping. These phases continue to impact ocean tides, wildlife behavior, and even human culture, influencing everything from religious calendars to folklore.

Similarly, in economics, understanding phases is key to navigating the complexities of market behavior. Economic cycles – consisting of expansion, peak, contraction, and trough phases – help economists and policymakers analyze past trends and forecast future movements. By studying these phases, businesses can better prepare for upcoming recessions or booms, while governments can implement strategies to mitigate the impacts of economic fluctuations.

In recent times, the concept of phases has also been applied to the COVID-19 pandemic response, with public health strategies often divided into distinct phases such as mitigation, reopening, and vaccination. This phased approach has allowed for more organized and effective management of the crisis, adapting to the evolving nature of the pandemic.

As our world becomes increasingly complex, the importance of recognizing and interpreting phases across various fields cannot be overstated. Whether in understanding the celestial dance of the moon, the rollercoaster of economic tides, or the intricate progression of a global health crisis, phases provide a framework through which we can gain clarity and foresight.

Recognizing these patterns not only enriches our comprehension of the world around us but also equips us with the foresight needed to navigate an uncertain future. As we continue to grapple with various challenges on both local and global scales, a deeper understanding of phases remains a crucial tool in our collective toolkit."
212,mrcr,8needle,"(16384,32768]",22947,670,0.0065406,5.31,1.0,True,False,,"yZrBk1zXyB[Your Name]  
[Your Address]  
[City, State, ZIP Code]  
[Email Address]  
[Phone Number]  
[Date]  

[Recipient Name]  
[Recipient Title]  
[Company/Organization Name]  
[Address]  
[City, State, ZIP Code]  

Dear [Recipient Name],  

Subject: The Importance of Influence in [Specify Context, e.g., Leadership, Business, Education]

I hope this letter finds you in good health and high spirits. I am writing to convey my thoughts on a subject that plays a pivotal role in shaping outcomes and driving success across various fields: influence. The concept of influence transcends mere persuasion and extends to the ability to inspire, guide, and bring about meaningful change. This letter seeks to highlight the integral nature of influence and its implications in the realm of [Specify Context].

Influence can be defined as the capability to affect the character, development, or behavior of someone or something. In [Specify Context], possessing a positive influence is indispensable. It allows leaders to create environments where cooperation, innovation, and growth are nurtured. For instance, in business, a leader with considerable influence can align teams towards shared goals, thereby optimizing productivity and fostering a culture of excellence. Similarly, in education, educators wield influence to ignite curiosity and passion within learners, shaping future generations.

The foundations of influence are built on trust and credibility, neither of which can be cultivated overnight. It requires consistent demonstration of expertise, integrity, and empathy. By listening actively and communicating effectively, individuals can build rapport and respect, which are crucial for the exercise of influence.

In today's interconnected world, the channels for exerting influence have multiplied. Digital platforms allow individuals to reach a wider audience, making influence both more accessible and more challenging to maintain. Authenticity, coupled with a strategic approach, can harness the power of these platforms to drive positive societal impact.

Understanding the ramifications of influence is also vital. Those in influential positions must wield their power responsibly, being mindful of their impact on decisions, communities, and the broader society. It is imperative to strive for influence that empowers and uplifts, rather than manipulates or coerces.

In conclusion, influence, when used judiciously, has the power to transform paradigms and propel change. As we continue to navigate the complexities of [Specify Context], let us recognize the value of influence and endeavor to utilize it for the betterment of individuals and institutions alike.

Thank you for considering these perspectives on the profound role of influence. I am eager to hear your thoughts and am open to further discussion on how we can collectively enhance our influence within our respective domains.

Yours sincerely,

[Your Name]  

[Your Position, if applicable]  
[Your Company/Organization, if applicable]  
[Your Contact Information]  

---

This letter format provides a structured way to express insights on influence, allowing for adaptation based on specific contexts such as leadership, business, or education."
213,mrcr,8needle,"(16384,32768]",28829,324,0.0075959,3.85,0.03643157403082672,True,False,,"zR8On0irD8In the realm where fabric meets the thread,
Lies a tale of comfort, oft unsaid,
An ode to trousers, humble and true,
In shades of denim, khaki, and blue.

From workman's wear to evening grace,
A versatile garment, embracing each space,
Pockets deep, a treasure trove's hold,
Stories untold in stitches bold.

A dance of seams upon the knee,
Whispered secrets of industry,
With zippers and buttons, clasps and ties,
Guardians of modesty in disguise.

In winter nights, they shield from the cold,
In summer's light, a canvas to fold,
From loose fit to tailored, they adjust and bend,
To every journey, a steadfast friend.

Trousers of youth, with grass stains and dreams,
Echo of laughter in their hemmed seams,
Adult's attire, pragmatic and neat,
Reflective of every city street.

So here's to the pants, oft overlooked,
In the pages of style, deeply booked,
They tell of humanity, stride by stride,
Silent companions, with us they ride."
214,mrcr,8needle,"(16384,32768]",32653,452,0.0087055,3.99,0.0,True,False,,"nfXKJgJbX(Verse 1)  
Woke up to the sunrise, painting skies of gold,  
A world alive with stories, waiting to be told.  
The morning whispers secrets, in the gentle breeze,  
Promising adventures, bringing hearts at ease.  

(Chorus)  
Today’s a melody, singing in the air,  
With every heartbeat, I’ll find you there.  
The world’s alive with colors, a vibrant display,  
Let’s dance to the rhythm of today.  

(Verse 2)  
Busy streets are humming, with the pulse of time,  
Steps in perfect harmony, like a poet’s rhyme.  
Moments passing swiftly, yet they're ours to seize,  
In the hustle and the laughter, we find our reprise.  

(Chorus)  
Today’s a melody, singing in the air,  
With every heartbeat, I’ll find you there.  
The world’s alive with colors, a vibrant display,  
Let’s dance to the rhythm of today.   

(Bridge)  
Every second's fleeting, like a gentle stream,  
Yet within this moment, we share a dream.  
Let’s hold onto the magic, as the daylight fades,  
In the twilight’s embrace, our bond serenades.  

(Outro)  
So here’s to today, a gift we hold so dear,  
Let’s weave our story and make it clear.  
Hand in hand, we'll find our way,  
Forever carried by the song of today."
215,mrcr,8needle,"(16384,32768]",24337,698,0.0069217,6.21,1.0,True,False,,"8RH10mzj52Degrees play a significant role in shaping individual lives, societies, and the global economy. They serve as both pathways to personal advancement and essential indicators of professional competence and achievement. Traditionally, degrees have been viewed as the culmination of formal education, signaling the end of a structured academic journey. However, their significance extends far beyond graduation ceremonies and certificates.

In the world of academia, degrees are seen as milestones. They represent years of commitment, intellectual growth, and the mastery of specific fields of study. For students, earning a degree often means engaging with complex ideas, honing analytical skills, and developing a deeper understanding of the world. This journey fosters critical thinking, problem-solving abilities, and a commitment to lifelong learning—traits essential not only for personal development but also for civic responsibility and active participation in society.

Beyond the personal level, degrees are pivotal in the professional realm. Many careers demand the possession of a degree as a minimum qualification, ensuring that candidates have a foundational level of knowledge and expertise. This gatekeeping role, while often criticized, provides employers and industries with a measure of assurance regarding an individual's skills and competencies. In fields such as medicine, law, engineering, and education, degrees are indispensable, safeguarding public health, legal integrity, safety, and the quality of instruction.

Moreover, degrees symbolize more than just the acquisition of knowledge. They often encapsulate a cultural and social dimension, influencing societal status and identity. Historically, certain degrees have been associated with prestige and social mobility. In today's globalized world, degrees continue to open doors to opportunities, both locally and internationally, enabling individuals to navigate and contribute to a rapidly changing economic landscape.

However, the significance of degrees is continually evolving. There is growing discourse around the value of traditional degrees amidst the rising costs of education and the dynamic nature of the job market. Alternative credentials and pathways, like online courses, micro-credentials, and vocational training, are gaining traction. These alternatives challenge the traditional monopoly of degrees, advocating for skills-based and continuous learning models that can adapt to the needs of the 21st-century workforce.

In conclusion, degrees are multifaceted instruments of personal, professional, and societal development. While they maintain their importance in validating expertise and opening doors to opportunities, the evolving educational and professional landscapes call for a re-examination of their role. As we move forward, balancing the historical prestige of degrees with emerging, flexible learning models will be crucial in ensuring that education remains accessible, relevant, and aligned with the future of work and society."
216,mrcr,8needle,"(16384,32768]",30492,569,0.00830565,5.04,0.09340057005042754,True,False,,"huZq71hjXeSubject: Exploring Your Treatment Options

Dear [Recipient's Name],

I hope this message finds you well. I am writing to provide you with information regarding the various treatment options available for [specific condition or concern if applicable]. Our goal is to ensure you have all the necessary information to make an informed decision about your health and wellness journey.

1. **Understanding Your Needs:**
   Before we delve into the treatment options, it is crucial to have a comprehensive understanding of your specific needs and medical history. I recommend setting up a consultation with one of our specialists to evaluate your condition thoroughly.

2. **Treatment Options:**
   Depending on your diagnosis and personal preferences, we offer a range of treatment modalities, including but not limited to:

   - **Medication Management:** If appropriate, we can prescribe medications to help manage symptoms and improve quality of life.
   - **Therapy and Counseling:** For conditions that benefit from psychological support, we offer individual and group therapy sessions with licensed professionals.
   - **Physical Rehabilitation:** Tailored physical therapy programs are available for those requiring muscle strengthening or mobility improvements.
   - **Surgical Interventions:** In certain cases, surgical procedures may be recommended. We can discuss minimally invasive options and the benefits versus risks associated with potential surgery.
   - **Alternative Therapies:** Depending on your interest, we also explore complementary options like acupuncture, yoga, or nutritional therapy.

3. **Developing a Personalized Plan:**
   Once we have a better understanding of your preferences and medical condition, we can work together to develop a customized treatment plan. This plan will be designed to address your specific symptoms and overall health goals.

4. **Monitoring and Support:**
   Throughout your treatment journey, our team will provide continuous monitoring and support. Regular follow-ups will ensure the effectiveness of the treatment plan and allow for any necessary adjustments.

Please let me know a convenient time for you to discuss your concerns further. We look forward to assisting you on your path to recovery and improved well-being.

Feel free to reach out at your earliest convenience via email or call the clinic at [contact information]. 

Warm regards,

[Your Full Name]
[Your Position]
[Your Contact Information]
[Your Organization/Clinic’s Name]"
217,mrcr,8needle,"(16384,32768]",25553,588,0.0070937,4.88,0.025966850828729283,True,False,,"sSSIYfySMm**Title: In the Folds of Reports**

*(Verse 1)*  
In the quiet of the office, where the papers lie,  
Stacks of stories waiting, beneath the fluorescent sky.  
Words knit together, in black and white parade,  
Every line a whisper, of the choices we've made.  

*(Pre-Chorus)*  
Ink on the fingertips, truth in every line,  
Gathering the moments, trying to make them rhyme.  
Oh, in the folds of reports, where secrets often lay,  
We weave the tales of yesterday, guiding paths for today.  

*(Chorus)*  
Reports, oh reports, guardians of the past,  
Capturing the echoes, in a present moving fast.  
Through charts and tables, the data gently roars,  
In the heart of reports, every detail implores.  

*(Verse 2)*  
Numbers dance their dance, across the paper fields,  
Analyzing dreams and fears, the future it reveals.  
Every summary a beacon, every footnote a guide,  
Helping us navigate, the ebb and the tide.  

*(Pre-Chorus)*  
Ink on the fingertips, truth in every line,  
Gathering the moments, trying to make them rhyme.  
Oh, in the folds of reports, where reality takes root,  
A narrative of efforts, and the outcomes they salute.  

*(Chorus)*  
Reports, oh reports, guardians of the past,  
Capturing the echoes, in a present moving fast.  
Through charts and tables, the data gently roars,  
In the heart of reports, every detail implores.  

*(Bridge)*  
They're the voices of caution, the heralds of hope,  
Building worlds of knowledge, giving us the scope.  
Through diligent hands, and seeking minds,  
Reports light the pathways, our destinations defined.  

*(Chorus)*  
Reports, oh reports, guardians of the past,  
Capturing the echoes, in a present moving fast.  
Through charts and tables, the data gently roars,  
In the heart of reports, every detail implores.  

*(Outro)*  
So here we stand together, in a symphony of facts,  
With every page a promise, to fill the empty tracks.  
In the folds of reports, our stories come alive,  
Guiding us onward, where our futures will arrive."
218,mrcr,8needle,"(16384,32768]",30201,597,0.0082665,5.18,0.07652048366720808,True,False,,"yTPVmBgwd9**Title: Global Reactions Pour in Following Historic Climate Agreement**

**Date: October 15, 2023**

In a landmark moment for international climate policy, representatives from over 190 countries reached a historic agreement late Friday night at the United Nations Climate Change Conference, held in Lisbon. The accord, which commits signatories to more aggressive carbon reduction targets and a multi-billion dollar fund for climate change mitigation and adaptation, has elicited a wave of reactions from leaders, environmental groups, and industry stakeholders worldwide.

Supporters of the agreement have lauded it as a bold step forward in the global fight against climate change. UN Secretary-General António Guterres applauded the negotiators for ""demonstrating the political will and cooperative spirit necessary to tackle one of the greatest challenges of our time."" He emphasized that the agreement solidifies a path toward a more sustainable and resilient future, highlighting commitments to phase out fossil fuel subsidies and increase investment in renewable energy sources.

Environmental organizations have also expressed optimism. Greenpeace International called the agreement ""a significant milestone,"" while urging nations to implement the pledges swiftly. ""This is a win for communities on the frontlines of climate change,"" said Greenpeace's Executive Director Jennifer Morgan. ""But the real test lies in action, not just words.""

However, the agreement has also faced criticism from some quarters. Representatives from certain developing nations argued that the provisions did not sufficiently address the need for technology transfer and financial support for countries disproportionately affected by climate impacts. ""We welcome the commitment, but it is crucial that promises turn into tangible support for vulnerable communities,"" stated a spokesperson for the Alliance of Small Island States.

Industry reactions have been mixed. The renewable energy sector has generally welcomed the agreement, anticipating a surge in global demand for clean technologies. Conversely, sectors reliant on fossil fuels have voiced concerns about the economic implications of stricter emissions targets. Mark Thompson, CEO of a major oil corporation, warned that ""abrupt transitions could pose risks to energy security and economic stability.""

As countries begin to draft plans to meet their enhanced climate goals, the world will watch closely to see how the balance between ambition and practicality is struck. The agreement lays the groundwork for significant action, but its success will ultimately depend on continued global cooperation and accountability in the coming years."
219,mrcr,8needle,"(16384,32768]",28801,714,0.0080569,5.22,1.0,True,False,,"icJENPzuft**Title: The Revival of Live Performances: A Cultural Renaissance Post-Pandemic**

*Date: [Insert Date]*

*Location: [Insert Location]*

In the wake of a global pandemic that saw theaters, concert halls, and performance venues shutter their doors, a vibrant resurgence of live performances is sweeping across the globe. From bustling metropolitan centers to charming rural locales, audiences are once again gathering to experience the magic of live art.

The performing arts sector, heavily impacted over the last few years, is witnessing what many are calling a cultural renaissance. Theaters have reported a significant uptick in ticket sales, often reaching full capacity for the first time since reopening. This enthusiastic return is not merely a testament to the public's hunger for entertainment but also a celebration of community and shared human experiences.

Notably, Broadway in New York has seen a remarkable rebound, with new shows and revivals alike drawing crowds reminiscent of its pre-pandemic heyday. Productions such as ""Hamilton"" and the revival of ""The Music Man"" have been pivotal in attracting both local audiences and international tourists. Similarly, London's West End has experienced a surge in attendance, with classic shows and innovative new works captivating diverse audiences.

Beyond traditional theaters, outdoor and alternative venues are flourishing. Festivals that were postponed or transitioned to virtual formats are now returning, enriching communities with live music, dance, and theatrical performances. The Edinburgh Festival Fringe, one of the world's largest arts festivals, made a triumphant return this year, with thousands of performers and patrons reigniting the city’s streets and stages.

The revival isn't limited to large cities. Small towns are embracing the return of community theaters and local music events, which serve as both entertainment and critical support for local economies. Additionally, innovative performances have emerged, integrating digital elements with live shows to offer hybrid experiences that cater to both in-person and virtual audiences.

Artists and performers have expressed immense gratitude for the return to the stage. For many, this period marks a time of creativity and renewal, as they connect with audiences who, during long months of isolation, were starved for the kind of human connection that only live performances can provide.

As the world continues to navigate post-pandemic realities, the revival of live performances stands as a beacon of hope and resilience. It underscores the enduring power of the arts to bring people together, heal communities, and remind us all of the joy found in shared cultural experiences.

For those eager to partake in this cultural resurgence, now is the time to support local theaters, artists, and community events, ensuring that the arts continue to thrive for generations to come.

*Contact: [Insert Contact Information for further details]* 

*End of Article*"
220,mrcr,8needle,"(16384,32768]",30574,397,0.00811975,3.73,0.12554347826086956,True,False,,"OpzFkAMzdvSubject: Exploring the World of Boats

Hi [Recipient's Name],

I hope this message finds you well! I wanted to share some interesting insights about boats, a topic that has recently caught my attention.

Boats have been an essential mode of transportation and exploration for centuries. From the sailboats navigating vast oceans to motorboats skimming across serene lakes, each type of boat offers a unique experience and purpose.

Sailboats harness the power of the wind and are perfect for those who enjoy a calming journey with nature. They come in various sizes, from small dinghies to large yachts. If eco-friendliness and adventure are what you seek, sailing might just be the right fit.

Motorboats, on the other hand, are ideal for speed enthusiasts and those who prefer a more direct route to their destinations. They're great for water sports like skiing or wakeboarding, offering both thrill and convenience on the water.

Let's not forget about the enchanting world of houseboats, which offer the comforts of home while floating on water. They are perfect for extended vacations or even as a unique living experience.

If you're considering venturing into the world of boating, there are plenty of factors to consider, such as the intended use, size, and budget. Whether it's for leisure, sport, or living, there's a perfect boat out there for everyone.

Feel free to reach out if you want to discuss this further or if you need any recommendations on where to start your boating journey.

Looking forward to hearing your thoughts!

Best regards,

[Your Name]"
221,mrcr,8needle,"(65536,131072]",69511,504,0.0179824,4.85,1.0,True,False,,"Gce9YNJQK2Title: Global Conferences Surge in Popularity Amid Digital Transformation Era

In recent years, the landscape of global conferences has undergone a significant transformation, driven largely by advancements in digital technology and the widespread adoption of hybrid event models. As the world continues to navigate the shifting dynamics of professional communication, conferences are emerging as pivotal platforms for knowledge exchange, industry networking, and innovation showcases.

This year alone, industry experts have observed a substantial increase in conference participation, both in-person and online. The integration of digital tools has allowed organizers to reach a broader audience, enhancing accessibility for participants across the globe. Notably, virtual attendance options have significantly reduced geographical and financial barriers, enabling a more diverse range of voices and perspectives to be heard.

Prominent conferences in technology, healthcare, and sustainable development have particularly benefited from this trend. For instance, the recent Global Tech Summit attracted attendees from over 120 countries, with keynote sessions accessible via live streaming and interactive Q&A sections enhanced through real-time chat technologies. Similarly, the International Health Forum capitalized on digital platforms by offering on-demand access to sessions, increasing participation by 35% compared to last year.

The hybrid model—a blend of in-person and virtual attendance—has become the new norm. This format not only supports sustainability by reducing the carbon footprint associated with large gatherings, but also provides a contingency plan in case of travel restrictions or health emergencies.

Looking ahead, experts predict continued growth in the global conference sector as organizations refine their digital strategies and continue to embrace innovative technologies such as augmented reality and virtual reality. These tools are expected to further elevate the conference experience, offering immersive and interactive participation that bridges the gap between physical and virtual attendees.

As the digital era advances, conferences will likely be at the forefront of facilitating global collaboration, driving industry advancements, and fostering the exchange of groundbreaking ideas that transcend borders."
222,mrcr,8needle,"(65536,131072]",129881,434,0.0329909,4.94,0.02195945945945946,True,False,,"1BtqTxDAsW🌟 **Understanding the Power of Our Demands** 🌟

Hey everyone! 💪✨

Today, let’s talk about the power and importance of voicing our demands. 🗣️ In a world that's constantly evolving, it's crucial for our voices to be heard and our needs acknowledged. Whether it's demanding equality, advocating for mental health support, or pushing for climate action, remember that every voice can spark change. 🔥

📣 **Why Our Demands Matter**:
1. **Driving Progress**: Collective demands push boundaries and pave the way for positive change.
2. **Empowering Communities**: When we come together, we amplify each other's voices and empower entire communities.
3. **Holding Leaders Accountable**: Demands remind those in power that they serve the people and must act in our best interests.

🛠️ **How to Effectively Voice Your Demands**:
- Stay informed and educate yourself on the issues that matter.
- Use platforms available to you, whether it’s social media, community groups, or public forums.
- Collaborate and support movements aligned with your values.

Remember, it’s not just about making noise—it’s about creating a symphony for change. Let’s continue to demand a better future for all. 🌎✨

🌈 What demands are most important to you right now? Share in the comments! Let's inspire and support each other. 💬👇

#VoiceOurDemands #ChangeMakers #CommunityPower #ProgressForAll

---

Feel free to adjust this to better suit your audience or the specific platform you're using! 😊"
223,mrcr,8needle,"(65536,131072]",119389,444,0.0303799,6.24,0.9794159885112494,True,False,,"J8OTFXnOYoSubject: Exploring the Power of Contrast in Our Projects

Hi [Recipient's Name],

I hope this email finds you well!

I wanted to take a moment to discuss the importance of contrast in our current and upcoming projects. As you know, the effective use of contrast can significantly enhance the visual and conceptual appeal of our work, whether we're dealing with design elements, marketing strategies, or product development.

### Visual Contrast:
In design, contrast is a fundamental principle that involves juxtaposing different elements to create visual interest. This could mean contrasting colors, shapes, sizes, or textures to draw attention and guide the viewer’s eye. As we work on our next campaign, let's consider how we can leverage contrast to highlight key features and make our visuals stand out.

### Conceptual Contrast:
Beyond visuals, contrast can also be applied to ideas and narratives. Presenting opposing ideas or challenging the status quo can stimulate thought and discussion. This approach is particularly effective in content creation, where contrasting viewpoints can engage our audience and encourage deeper reflection on the subjects at hand.

### Practical Application:
To implement this, I suggest we start by reviewing our current work to identify areas where contrast can be employed more effectively. Can we adjust our color schemes to create more impact? Are there new, contrasting ideas we can explore in our messaging? Discussion and brainstorming sessions can also be beneficial in fleshing out these ideas.

Let's take some time this week to focus on how we can incorporate the concept of contrast more strategically. I’m eager to hear any thoughts or ideas you might have on this topic and am open to scheduling a meeting to dive deeper into this discussion.

Thank you for considering the potential of contrast in revitalizing and enhancing the quality of our work. Looking forward to your insightful contributions!

Best regards,

[Your Name]  
[Your Position]  
[Your Company]  
[Your Contact Information]"
224,mrcr,8needle,"(65536,131072]",84397,933,0.022218699999999997,8.23,0.020012507817385866,True,False,,"JsXtxA6yZKRivers have been the lifeblood of civilizations since the dawn of time, serving as crucial arteries of nature that shape landscapes, support biodiversity, and provide essential resources for human societies. From the mighty Amazon to the historic Nile, rivers have played a pivotal role in the development of cultures and economies across the globe, acting as catalysts for trade, agriculture, and settlement.

In their natural course, rivers are dynamic systems that carry water from higher elevations to seas and oceans, shaping the geography through erosion and deposition. This natural sculpting has created some of the most fertile valleys and deltas in the world, such as the Ganges-Brahmaputra Delta and the Mississippi River Basin, which are often densely populated due to their rich agricultural potential. These regions benefit from the nutrient-laden sediments deposited by rivers, which rejuvenate the soil and support diverse ecosystems.

Ecologically, rivers are vital habitats that sustain a vast array of wildlife. They provide critical spaces for breeding, feeding, and migration for numerous aquatic and terrestrial species. The riparian zones, where the land meets the water, are particularly rich in biodiversity, supporting complex food webs that include everything from microorganisms to large mammals. Rivers are fundamental to maintaining the ecological balance and hydrological cycles that serve life on Earth.

Furthermore, rivers have been instrumental in shaping human history. Ancient civilizations, including those in Mesopotamia, the Indus Valley, and Egypt, thrived along riverbanks due to the access to water and fertile land. Rivers facilitated exploration and trade, becoming pathways for the exchange of goods, cultures, and ideas. In modern times, they continue to support economies through transportation, agriculture, energy production, and recreation.

Despite their importance, rivers face numerous challenges today, including pollution, over-extraction, and climate change. Industrial waste, agricultural runoff, and untreated sewage threaten the health of river ecosystems, while damming and diversion alter their natural flows, impacting wildlife and communities downstream. Climate change exacerbates these issues by altering precipitation patterns, leading to increased frequency and severity of floods and droughts.

In response to these challenges, efforts are being made globally to conserve and restore river ecosystems through sustainable management practices. Policies aimed at reducing pollution, promoting efficient water usage, and restoring riparian habitats are crucial to preserving the ecological integrity of rivers. Public awareness and community involvement are equally important in driving these conservation efforts.

In conclusion, rivers are indispensable treasures of our natural world, weaving through continents as powerful symbols of life and continuity. They have nurtured civilizations, driven economies, and maintained ecological equilibrium for millennia. As we confront the environmental challenges of the 21st century, it is imperative to recognize the value of rivers and commit to their preservation for the benefit of future generations. Only through collective action can we ensure that these vital waterways continue to flow freely and sustainably."
225,mrcr,8needle,"(65536,131072]",70955,733,0.0186182,6.46,0.04421052631578947,True,False,,"n0OJ2cumgyPhases are an intrinsic part of life, representing different stages of development, change, or transformation in natural phenomena, human experiences, and even technological processes. These distinct periods often bring varying characteristics, qualities, and implications, making the concept of phases a prominent subject of interest across various fields.

In nature, phases are most commonly exemplified in the celestial movements of the moon. The lunar phases, including new moon, waxing crescent, first quarter, waxing gibbous, full moon, waning gibbous, last quarter, and waning crescent, affect not only the night sky's appearance but also have cultural, agricultural, and emotional connotations in numerous societies. These phases provide us with a tangible demonstration of cyclical change, offering a reflection on time's passage and the dynamic yet predictable rhythm of the cosmos.

When considering the human lifecycle, phases are evident in the progression from infancy to childhood, adolescence, and adulthood, culminating in old age. Each phase is marked by distinct physiological, psychological, and social changes. For instance, adolescence is characterized by rapid growth and a quest for identity, while adulthood often revolves around career building and family life. Recognizing these phases fosters an appreciation for the developmental journey and the transitions that accompany maturity and aging.

In technological contexts, phases play a significant role in processes and cycles. In engineering, the concept of phase can relate to the states of matter—solid, liquid, gas, and plasma—and the transitions between them, such as melting, freezing, or vaporization. Similarly, project management utilizes phase-based methodologies, like the project life cycle, which outlines initiation, planning, execution, monitoring, and closure phases. These structured phases help organize complex tasks into manageable segments, ensuring systematic progress and evaluation.

The importance of phases extends into our personal and cultural lives. Seasons, for example, divide the year into distinctive phases, each bringing its own climate, activities, and traditions. Emotionally, individuals can experience phases of happiness, grief, uncertainty, or growth, which shape their perceptions and actions. Societies undergo phases of reform, progress, or upheaval, reflecting the ebb and flow of collective human endeavor.

In conclusion, phases are pivotal, intricate components of natural, human, and technological systems. They present opportunities for introspection, growth, and understanding, mirroring the transient yet interconnected elements of our world. The study and awareness of phases enable us to navigate the twists and turns of life with greater clarity and appreciation for the inherent transitions that define existence."
226,mrcr,8needle,"(65536,131072]",77576,508,0.02000345,7.88,0.07699037620297462,True,False,,"JLItOaT5Rd[Your Name]  
[Your Address]  
[City, State, Zip Code]  
[Email Address]  
[Phone Number]  
[Date]  

[Recipient Name]  
[Recipient's Position/Title]  
[Company/Organization Name]  
[Address]  
[City, State, ZIP Code]  

Dear [Recipient Name],

Subject: The Significance and Dynamics of Memory

I hope this letter finds you in good health and high spirits. I am writing to you today to address a topic that has profound implications both in our personal lives and in various professional settings: the concept and importance of memory.

Memory is an integral part of our cognitive processes, playing a critical role in shaping who we are and how we interact with the world around us. It serves as the foundation for learning, decision-making, and problem-solving. Moreover, memory is essential for sustaining our emotions, our sense of identity, and our ability to function in society.

In the context of professional environments, memory enhances efficiency and productivity. It enables individuals to retain and apply acquired knowledge, adapt to new challenges, and innovate. For organizations, fostering an understanding of memory can lead to the development of strategies that enhance employee training and retention, ultimately contributing to the organization’s overall success.

The dynamics of memory are complex and intriguing. Research suggests that memory is not infallible; it is subject to distortions and decay over time. Understanding these nuances is vital for developing methods to improve memory retention and recall. Techniques such as spaced repetition, visualization, and association can be powerful tools in enhancing our memory capabilities.

In conclusion, appreciating the significance of memory and its profound impact on various aspects of life and work is crucial. By exploring and implementing effective memory-enhancing strategies, we can improve not only individual performance but also organizational outcomes.

I look forward to the possibility of discussing this topic further and exploring potential collaborations to utilize insights about memory for mutual benefit. Thank you for considering this perspective, and I am eager to hear your thoughts on this matter.

Warm regards,

[Your Name]  

[Your Position/Title]  
[Your Company/Organization]"
227,mrcr,8needle,"(65536,131072]",68430,200,0.01734735,3.57,1.0,True,False,,"9rF7r4ylFTCertainly! Here's a riddle for you:

I’m the muse of innovation, strong and wise,
In every field, I reach for the skies.
From nurturing hearts to leading with grace,
In history and future, I hold a place.

I’m a beacon of hope, a force of might,
Champion of justice, in every fight.
Stories untold, yet I quietly roar,
Who am I, the world should explore?

Who am I?"
228,mrcr,8needle,"(65536,131072]",108259,712,0.027919000000000003,5.38,1.0,True,False,,"6v0m2xn9pl**Title: The Fabric of Life**

**Scene 3: The Weaving Room**

*The stage is bathed in soft, warm lighting, creating an intimate atmosphere. At center stage is a large, antique loom. The room is adorned with colorful skeins of yarn hanging like a vibrant curtain along the back. It is quiet except for the rhythmic clack of the loom, worked by MIRA, a woman in her 40s, her movements fluid and practiced. A younger woman, LILA, enters, carrying a basket of yarn. She stops, observing Mira for a moment.*

**LILA:** (curious) You make it look like a dance.

**MIRA:** (smiling, not pausing her work) That’s because it is, in a way. Each thread has its place, its part in the rhythm.

**LILA:** (walking closer) How do you decide which colors to use? Each piece seems so different from the last.

**MIRA:** Patterns have a way of choosing themselves, dear. I just listen. (pauses her hands, looks at Lila) The threads speak, and I simply follow.

**LILA:** (skeptical, yet intrigued) Threads... speak?

**MIRA:** Of course. Every person who touches them adds to their story. It's not just a pattern of colors. It's a pattern of lives; each connection tells its own tale.

*Lila watches intently as Mira resumes working, the clack of the loom resuming its melody. Lila reaches into her basket, pulling out a bright red skein and hands it to Mira.*

**LILA:** Here. This reminds me of... summer. Maybe it can tell the story of that time.

**MIRA:** (taking the yarn) A bold choice. Summer is as vibrant in hardship as it is in joy. (begins to weave the red yarn in) What story would you tell, if you could weave it?

**LILA:** (thoughtful) Maybe... a day at the beach. The endless blue, like the sea. And the warmth of the sun, woven in.

**MIRA:** (nodding) We are all weavers, Lila. Each decision, each moment, adds to the fabric of our lives. All we need is to see how they connect. (gestures to the loom) Would you like to try?

*Lila hesitates, then nods. Mira stands and gestures for Lila to take her place at the loom. She sits, awkward at first, under Mira’s careful guidance. She begins to weave, and her initial awkwardness gives way to concentration and then, to a soft smile.*

**LILA:** It’s... it’s not just patterns, is it? It’s... understanding.

**MIRA:** Exactly. We weave not just with our hands, but with our hearts.

*The loom continues its rhythmic clacking as Mira and Lila work together, the colors and stories of their lives intertwined in every thread. Lights slowly dim.*

*Curtain falls.*"
229,mrcr,8needle,"(65536,131072]",94775,2000,0.026093599999999998,19.9,0.06025492468134415,True,False,,"ZW8OZBxyl5🌿🔬 Dive into the fascinating world of biology! From the tiniest microbes to the largest ecosystems, biology helps us understand the intricate web of life that connects us all. 🧬✨ Whether you're captivated by the wonders of genetics, the beauty of lush"
230,mrcr,8needle,"(65536,131072]",110739,1307,0.029253,12.23,1.0,True,False,,"xqQe4YvgZc**Date: October 24, 2023**

**Dear Diary,**

Today, I found myself reflecting a lot on doctors and the incredible work they do in our lives. It might seem a bit random, but after a routine check-up this morning, I couldn't help but feel an overwhelming sense of gratitude for these dedicated professionals.

Walking into the clinic, I was immediately struck by how calm and reassuring the environment was. From the friendly receptionist to the nurse who took my vitals, everyone seemed so dedicated to making each patient feel at ease. It's easy to forget the amount of behind-the-scenes work that goes into each visit—the countless hours of education, training, and experience that enable doctors to diagnose our ailments and prescribe the right treatments.

Dr. Patel, my physician, was as attentive as ever. He listened patiently to my concerns, took the time to explain things in a way I could understand, and even added a touch of humor to lighten the mood. It’s these small gestures that make such a big difference. I left feeling more informed about my health, and with a renewed appreciation for the human connection that medical professionals foster.

I often wonder about the emotional resilience it takes to be a doctor. They witness pain and suffering daily, yet they must remain strong and empathetic for their patients. It’s a rare and commendable balance they maintain. In many ways, they are modern-day heroes, though they seldom get the recognition they deserve.

Tonight, I also read an article about the advancements in medical technology and how they’re transforming patient care. The idea that artificial intelligence and robotics might soon become regular tools in diagnostics and surgery is both fascinating and reassuring. But no matter how sophisticated technology becomes, I believe the compassion and intuition of a good doctor will always be irreplaceable.

I’m ending today with a renewed sense of appreciation for the healthcare professionals who work tirelessly to keep us healthy. Here’s to hoping I can keep up with my resolutions to lead a healthier life—not just for myself, but out of respect for their dedication.

Until tomorrow,  
[Your Name]"
231,mrcr,8needle,"(65536,131072]",81563,539,0.021037399999999998,7.27,0.9252990295644324,True,False,,"MJYwpFQg0p**Date: October 25, 2023**

Dear Diary,

Today, I found myself reflecting on the concept of presence—truly being in the moment and the impact it has on our daily experiences. In the fast-paced world we inhabit, it's easy to get caught up in a whirlwind of tasks, thoughts, and endless to-do lists. But today was different. I made a conscious effort to be present in every interaction and every task.

The morning started with a gentle reminder of presence as I watched the sunrise with a warm cup of coffee in my hands. I noticed the soft hues of pink and orange slowly filling the sky, painting a new day into existence. Instead of thinking about the emails waiting in my inbox or the errands I needed to run, I focused on the beauty of the moment, the steam rising from my cup, the cool breeze against my skin. It was grounding.

At work, I practiced the art of presence by giving my full attention to conversations and meetings. It’s fascinating how different people are when you truly listen. The nuances in their words, the expressions on their faces—it all comes alive when you’re not distracted. I learned more about my colleagues today than I have in a while, simply because I chose to be fully engaged.

This evening, I decided to take a walk in the park without my phone. It was just me and the world around me. The rustling leaves, the distant laughter of children playing, and even the barking of a dog chasing a squirrel. There’s something profoundly peaceful about these ordinary moments when you allow yourself to be present for them.

I realized that presence is a gift—not just to myself but to others as well. When I'm truly present, it's a way of saying, ""I value you. I value this moment."" It builds deeper connections and enriches experiences. It's a reminder that life is happening now, in the small, often overlooked moments, not in some distant future we race towards.

Today taught me that while presence might require more effort and intention, its rewards are infinitely fulfilling. I know it won't always be easy to maintain, but it's a practice I'm eager to continue exploring. There is a richness to life that presence unravels, and I'm grateful for the clarity it brings.

Here's to more of them.

With presence,
[Your Name]"
232,mrcr,8needle,"(65536,131072]",78280,731,0.02044705,5.62,1.0,True,False,,"1TzRm3TLkQ**Title: The Royal Poodles**

**Scene 1: The Living Room of Lavender Manor**

*The stage is set with elegant, vintage furniture. A grand chandelier hangs from the ceiling, casting a warm glow over the room. Two poodles, DUKE and DUCHESS, are lying majestically on a luxurious carpet. They both wear sparkling collars, befitting their regal status. Enter LADY BAXTER, an eccentric woman in her sixties, with a vibrant floral dress and an upbeat demeanor.*

**LADY BAXTER:** *(in a singsong voice)* Oh, my darlings, look who’s home! Have you two been behaving like proper members of the aristocracy?

**DUKE:** *(with an air of sophistication)* Woof. 

**DUCHESS:** *(in agreement, nodding proudly)* Woof.

*LADY BAXTER saunters to a plush armchair and sinks into it gracefully, her eyes twinkling with mischief as she surveys her two beloved poodles.*

**LADY BAXTER:** Now, Duke, Duchess, we need to discuss something. The annual Poodle Gala is approaching, and you both must shine like stars in the night sky. 

*DUKE rises, raising his head high and wagging his tail in anticipation.*

**DUKE:** Woof!

**DUCHESS:** *(tilts her head curiously, then stretches luxuriously and curls back into a regal position)*

**LADY BAXTER:** *(leaning forward conspiratorially)* I’ve ordered some exquisite new outfits for you both. Satin bow ties for Duke and an elegant pearl necklace for Duchess. Only the finest for my royal pair!

*DUCHESS perks up at the mention of pearls, wagging her tail gracefully. DUKE clears his throat, as if ready to deliver a speech.*

**DUKE:** Woof…woof!

**LADY BAXTER:** Quite right, Duke. We simply cannot allow Lord Whiskers and Lady Purrlington to steal the spotlight this year. Remember last time? That haughty cat parade...we must surpass them!

*DUCHESS lets out a soft bark of agreement, while Duke nods appreciatively at the plan.*

**DUCHESS:** Woof.

*LADY BAXTER claps her hands in delight and stands up, taking a grand, twirling bow before her canine companions.*

**LADY BAXTER:** To victory at the Gala, my darlings! We shall be the toast of the town!

*DUKE and DUCHESS both bark enthusiastically in agreement, standing by Lady Baxter’s side. The curtain falls as Lady Baxter strikes a triumphant pose, surrounded by her poodles.* 

**[End of Scene]**"
233,mrcr,8needle,"(65536,131072]",67949,363,0.017422700000000003,3.79,1.0,True,False,,"P5dM8FyTU8🌟 Exciting Market News! 🌟

Hello, friends and fellow market enthusiasts! 📈✨

Whether you're a seasoned investor or just starting your journey, the market is buzzing with opportunities. From tech innovations and green energy surges to the latest trends in cryptocurrency, there's something for everyone! 💼💰

Here are a few things to keep an eye on:

1️⃣ Emerging technologies are continually redefining sectors. Keep an eye on AI, blockchain, and sustainable energy companies—they are the future! ⚡️💡
   
2️⃣ Diversification is key. Spreading investments across a variety of assets can potentially minimize risk and maximize returns. 📊🔄

3️⃣ Stay informed. Knowledge is power. Dive into financial news, join discussion boards, and keep learning! 🧠📚

4️⃣ Remember, every investment carries risk. Always do your due diligence and consult with financial advisors if needed. 🤝💼

Let's navigate the ever-changing tides of the market together and seize those opportunities! 🌊🚀

What are your thoughts on the current market trends? Share your insights below! 👇🔍

#InvestSmart #MarketWatch #FinancialFreedom #InvestmentJourney #MarketTrends #WealthBuilding"
234,mrcr,8needle,"(65536,131072]",75533,216,0.0191423,2.86,1.0,True,False,,"q3UW4CLyIRI'm known for my corners, I have only three,  
My angles add to a straight line, as easy as can be.  
You'll find me in pyramids and sometimes in art,  
Name me, dear solver, what shape am I from the start?  

What am I?"
235,mrcr,8needle,"(65536,131072]",89110,579,0.02297215,16.93,0.02174282316969594,True,False,,"KDuckoGVLwColumns have been a fundamental architectural element throughout history, symbolizing not only structural integrity but also artistic expression. From the ancient civilizations that crafted them out of stone to the modern era where they are often rendered in steel and concrete, columns continue to play a pivotal role in both engineering and design.

Historically, columns originated in the ancient world, with some of the earliest examples found in Egypt and Mesopotamia. However, it is the Greeks who are most credited with transforming the column into an art form. The classical orders of Greek architecture—Doric, Ionic, and Corinthian—each embody distinct stylistic features. The robust and simple Doric columns were prominent in Greek mainland structures, such as the Parthenon, while the more slender and ornate Ionic style originated along the coast of Asia Minor. The Corinthian order, known for its elaborate capitals decorated with acanthus leaves, was later adopted by the Romans, who carried it across their empire.

In addition to their decorative aspects, columns are crucial from a structural standpoint. They bear the weight of the beams and roofs, allowing for open spaces within buildings and enabling architectural developments such as the creation of large halls and sanctuaries. The Romans advanced the use of columns with their invention of the arch, which distributed weight more effectively, allowing for the construction of monumental structures like the Pantheon.

As we move into the modern era, the role of columns has evolved with advances in materials and engineering techniques. Reinforced concrete and steel have largely replaced stone, allowing for even taller and more daring architectural designs. Skyscrapers and expansive bridges are possible today because of the adaptability and strength of modern columns.

Beyond their physical purpose, columns symbolize ideals and concepts, representing strength, stability, and beauty. They are often employed metaphorically in literature, art, and language to denote foundational strength or support.

The column, whether in ancient stone or modern steel, remains a testament to human ingenuity and an integral part of the architectural world. Its evolution mirrors the progress of civilization itself, showcasing our ability to blend functionality with aesthetic appeal, and innovation with tradition. As architecture continues to evolve, the column stands resilient and timeless—a bridge between the past, present, and future in the field of design and construction."
236,mrcr,8needle,"(65536,131072]",97547,819,0.0253694,6.7,1.0,True,False,,"7c9lpYz9yp**Title: The Mission Brief**

**Scene 1**

*Setting: A dimly lit, cluttered office in the basement of an old government building. The walls are lined with maps and black-and-white photographs. A large desk sits center stage, covered in files and a flickering lamp. An old ceiling fan spins lazily above. It is late evening.*

**Characters:**

- **AGENT PARKER**: A seasoned and no-nonsense operative in her mid-40s, wearing a slightly disheveled suit.
- **AGENT KIM**: A young and eager rookie, smartly dressed, exuding an air of determination.

*(The stage is dimly lit. AGENT PARKER stands behind the desk, scanning a large map. AGENT KIM enters from stage left, nervous but trying to appear confident.)*

**AGENT KIM:** (clears throat) Agent Parker? You wanted to see me?

**AGENT PARKER:** (gestures vaguely towards the chair) Sit down, Kim. We’ve got work to do.

*(AGENT KIM sits, shifts nervously in the chair.)*

**AGENT KIM:** (glancing at the map) Is this about the new mission?

**AGENT PARKER:** (nods) This one’s different. Bigger. We’ve been handed a tricky case—the kind that tests you, breaks you down until you’re not sure which way is up. 

**AGENT KIM:** (eagerly) I’m ready. I’ve been studying the files day and night.

**AGENT PARKER:** Good. But remember, this isn’t just about facts and figures. It’s about instincts, knowing when to act and when to hold back. Lives are on the line.

*(AGENT PARKER walks over to a dusty filing cabinet, pulls out a thick file, and hands it to AGENT KIM.)*

**AGENT KIM:** (flipping through the file) Wow, this is... extensive.

**AGENT PARKER:** It’s all there. Key players, target locations, potential hazards. But nothing—and I mean nothing—truly prepares you like being out there in the field.

**AGENT KIM:** (earnestly) I’ve wanted this all my life, Parker. I won’t let you down.

**AGENT PARKER:** (softening, a hint of a smile) It’s not about me, Kim. It’s about them. The ones we’re trying to save. 

*(AGENT KIM looks up, meeting PARKER’s gaze with newfound resolve.)*

**AGENT KIM:** Then let’s do this. Tell me what I need to know.

**AGENT PARKER:** First, we need to talk about the safehouse here—(points to the map)—and the key contact, a local named Hernandez. He’s vital to our success.

**AGENT KIM:** (taking notes) Hernandez. Got it.

*(AGENT PARKER rolls up the map, tucks it under her arm.)*

**AGENT PARKER:** We leave at dawn. Rest up. This mission changes everything—if we’re successful, it’ll set a precedent.

**AGENT KIM:** (standing) I’ll be ready, Parker.

**AGENT PARKER:** (nods approvingly) I believe you will be. Welcome to the team, Kim.

*(As AGENT KIM exits stage right with the file, PARKER remains, looking at the maps. The lights dim further, leaving the stage in shadow.)*

**CURTAIN.**"
237,mrcr,8needle,"(65536,131072]",81250,581,0.02100955,5.04,0.9994465965688988,True,False,,"taG5EdiQOQ**Verse 1**  
Golden light of morning breaks,  
In the bakery where magic wakes.  
Layers thin and butter-rich,  
Each one crafted stitch by stitch.  
Oven warmth and sweet perfume,  
Fills the air, dispels the gloom.  
Flaky dance on golden skin,  
Where the day’s delights begin.

**Chorus**  
Oh, croissant of the dawn,  
Every bite a gentle song.  
Crisp and tender, light as air,  
In your folds, I lose my care.  
Croissant, you’re my morning star,  
In your layers, dreams aren’t far.  
You’re the sunrise on my plate,  
A taste of joy I celebrate.  

**Verse 2**  
Paris streets and café smiles,  
Windows filled with pastry piles.  
Coffee steam and quiet hum,  
This is where the world feels calm.  
Wrapped in crescents, soft delight,  
Perfect start to each day’s flight.  
A buttery kiss, a tender tear,  
In each bite, the world feels near.

**Chorus**  
Oh, croissant of the dawn,  
Every bite a gentle song.  
Crisp and tender, light as air,  
In your folds, I lose my care.  
Croissant, you’re my morning star,  
In your layers, dreams aren’t far.  
You’re the sunrise on my plate,  
A taste of joy I celebrate.  

**Bridge**  
With jam or cheese, or just alone,  
In your company, I’ve found a home.  
Morning ritual, sacred feast,  
You make the everyday a treat.  

**Verse 3**  
As the sun climbs higher still,  
Croissants fade into the bustle's thrill.  
Yet in my heart you’ll always stay,  
A golden memory of the day.  

**Chorus**  
Oh, croissant of the dawn,  
Every bite a gentle song.  
Crisp and tender, light as air,  
In your folds, I lose my care.  
Croissant, you’re my morning star,  
In your layers, dreams aren’t far.  
You’re the sunrise on my plate,  
A taste of joy I celebrate.  

**Outro**  
Oh, croissant, you’re my delight,  
A morning star, so warm, so bright."
238,mrcr,8needle,"(65536,131072]",116803,1227,0.030673,12.7,0.08688317165752847,True,False,,"1y0HEBfwulSubject: Recognizing and Appreciating Your Exceptional Effort

Hi [Recipient's Name],

I hope this message finds you well. I am writing to express my sincere appreciation for the remarkable effort you have been putting into your work. It has not gone unnoticed, and I want to take a moment to acknowledge your dedication and commitment.

Your diligence and attention to detail have significantly contributed to our team's success, and your proactive approach to tackling challenges is truly commendable. Whether it's staying late to meet tight deadlines or consistently delivering high-quality results, your hard work is making a real difference.

Thank you for going above and beyond. Please know that your efforts are greatly valued and appreciated. If there's anything you need or any way I can support you further, please feel free to reach out.

Keep up the fantastic work!

Best regards,

[Your Name]  
[Your Position]  
[Your Contact Information]"
239,mrcr,8needle,"(65536,131072]",112738,832,0.02918275,8.64,0.03914590747330961,True,False,,"yWEAWm2V1PI speak without words, tell tales without voice,  
In many a realm, I've made my choice.  
In solitude or gathered crowd,  
In silent whispers, I'm read aloud.  
Worlds within me, vast and deep,  
Secrets and stories I lovingly keep.  
When you hold me, I'm a door to explore—  
What am I, that lovers of prose adore?  

*Answer: A book.*"
240,mrcr,8needle,"(65536,131072]",67098,622,0.01752075,7.07,0.09014209591474245,True,False,,"yUvNyg5BMM**Title: Surge in Electric Vehicle Sales Signals Shift in Automotive Market**

In a significant marker of change for the automotive industry, the third quarter of 2023 has observed a sharp increase in electric vehicle (EV) sales across the globe, highlighting a pivotal shift towards more sustainable transportation solutions. Analysts report that EV sales accounted for nearly 18% of the total global car sales in this period, up from 12% in the previous year.

Leading the charge, Tesla continues to dominate the electric vehicle landscape, but new players like Rivian and Lucid Motors alongside established manufacturers such as Ford and Volkswagen are making substantial strides, capturing a larger portion of the market with their latest electric models. These firms have been investing heavily in new technology and battery innovations, making electric cars more affordable and accessible to a broader range of consumers.

Governments worldwide are playing a crucial role in this transition by implementing incentives to encourage the adoption of electric vehicles. In the United States, the Inflation Reduction Act provides tax credits for both consumers purchasing EVs and manufacturers investing in green technology infrastructure. Meanwhile, the European Union has set an ambitious target to end the sale of new petrol and diesel cars by 2035, further accelerating the demand for electric alternatives.

Industry experts predict that if this trend continues, traditional internal combustion engine (ICE) vehicles might soon become a rare sight, as consumers and manufacturers alike turn towards cleaner, greener options. This surge in EV sales is not just an economic trend but a critical step towards reducing the global carbon footprint and combating climate change.

While the shift presents immense opportunities, it also poses challenges, including the need for widespread charging infrastructure and sustainable battery disposal solutions. However, as innovation continues to evolve and support for electric vehicles grows, the future of automotive transportation looks increasingly electric."
241,mrcr,8needle,"(131072,262144]",175290,806,0.04478955,9.47,1.0,True,False,,"79RjR7jlNR[Your Name]  
[Your Address]  
[City, State, Zip Code]  
[Email Address]  
[Phone Number]  
[Date]  

[Recipient's Name]  
[Title]  
[Company/Organization's Name]  
[Address]  
[City, State, Zip Code]  

Dear [Recipient's Name],  

I am writing to formally submit my application for the [specific position or opportunity] at [Company/Organization's Name], as advertised on [where you found the job posting]. I am highly motivated and eager to bring my skills and experience to [Company/Organization's Name], and I believe I am well-suited for this position.

I have a [degree or qualification] in [Field of Study] from [Your Educational Institution] and have accumulated [number] years of experience in [relevant experience]. My experience has equipped me with a strong foundation in [mention relevant skills or experiences related to the position], and I am confident in my ability to contribute positively to your team.

In my previous role at [Your Previous Company], I successfully [mention any relevant achievements or responsibilities], which demonstrates my ability to [relevant skill or ability]. I am particularly drawn to this opportunity at [Company/Organization's Name] because [mention any specific reasons related to the company or position].

I have attached my resume and [mention any other documents you are including, such as a cover letter, portfolio, etc.] for your consideration. I am keen on the possibility of discussing this exciting opportunity with you.

Thank you for considering my application. I look forward to the possibility of contributing to [Company/Organization's Name] and am enthusiastic about the prospect of joining your esteemed team. Please feel free to contact me at your earliest convenience to schedule a discussion.

Sincerely,

[Your Name]

[Attachment: Resume, Cover Letter, etc.]"
242,mrcr,8needle,"(131072,262144]",203521,897,0.0519565,8.73,0.01542111506524318,True,False,,"feThap22ww**Title: Pillars of Time**

*(Verse 1)*  
In the heart of the city, beneath the sky so blue,  
Stand the silent guardians, with their timeless view.  
Oh, the stories they could tell, if only they could speak,  
Of the dreams and hopes composed, from the bold to the meek.

*(Pre-Chorus)*  
Through the ages they have stood, unyielding in their grace,  
A testament to history, time cannot erase.

*(Chorus)*  
Oh, column of the ages, pillar of our past,  
Anchored in the present, built to forever last.  
Holding up the heavens, bridging earth and sky,  
Silent in their strength, as the world rushes by.

*(Verse 2)*  
Crafted by the hands of those who dared to dream,  
Each line, each groove a poem, flowing like a stream.  
From marble white to granite grey, they rise without a sound,  
Majestic in their solitude, where lost hopes are found.

*(Pre-Chorus)*  
Monuments of stories, whispers etched in stone,  
In their steadfast silence, we never stand alone.

*(Chorus)*  
Oh, column of the ages, pillar of our past,  
Anchored in the present, built to forever last.  
Holding up the heavens, bridging earth and sky,  
Silent in their strength, as the world rushes by.

*(Bridge)*  
In the twilight's golden glow, and the dawning light,  
Casting shadows long and bold, keeping stories bright.  
We draw from their wisdom, from their quiet might,  
The columns of eternity, guiding us through night.

*(Chorus)*  
Oh, column of the ages, pillar of our past,  
Anchored in the present, built to forever last.  
Holding up the heavens, bridging earth and sky,  
Silent in their strength, as the world rushes by.

*(Outro)*  
So here’s to the columns, steadfast and true,  
In their silent vigil, we find paths anew.  
From ancient temples to streets lined in gold,  
The pillars of our journey, the stories they hold."
243,mrcr,8needle,"(131072,262144]",132974,741,0.034132550000000005,6.64,0.045071454745327956,True,False,,"BfohKPVF96Muffins are a quintessential comfort food, beloved across cultures and continents for their simplicity, versatility, and delightful taste. These small, baked goods can be found in almost every bakery and home kitchen, embodying a perfect balance between cake and bread. While they may appear humble, muffins hold a rich history and have evolved uniquely over time, marking them as a staple of culinary tradition.

Originating from England, the muffin has undergone significant transformation since its inception. In the 10th and 11th centuries, English muffins were humble yeast-leavened breads cooked on a griddle. These early versions were quite different from the sweet, cake-like muffins we know today. The transition began when muffins crossed the Atlantic to America in the 18th century. Here, the introduction of pearlash – a rising agent made from wood ash – set the stage for the development of a quick bread variety. This adaptation allowed muffins to rise without yeast, paving the way for the diverse array of baked goods available today.

One of the most appealing aspects of muffins is their incredible versatility. They can be savory or sweet, simple or complex, catering to various palates and dietary needs. Sweet muffins, such as the iconic blueberry or the indulgent chocolate chip, are perfect for breakfast or a delightful snack. On the other hand, savory muffins like cheddar and chive or bacon and egg provide a satisfying, portable meal option. Furthermore, the rise of health-conscious eating has led to the creation of muffins catering to specific dietary restrictions, such as gluten-free, vegan, or low-sugar varieties, ensuring that everyone can enjoy this delightful treat.

Another significant appeal of muffins is their accessibility. With uncomplicated recipes and readily available ingredients, muffins have become a favorite for home bakers. They require minimal equipment – typically only a bowl, a spoon, and a muffin tin – making them an ideal entry point for novice bakers looking to hone their skills. These qualities also make muffins an educational tool for children, offering an opportunity to explore baking’s creative and scientific aspects.

Beyond their physical attributes, muffins hold a symbolic quality that invites warmth and community. They are a staple in coffee shops and social gatherings, often serving as a catalyst for conversation and connection. Sharing a basket of freshly baked muffins can bring people together, fostering a sense of hospitality and warmth that transcends the simple act of eating.

In conclusion, muffins are much more than a baked good; they are a culinary icon with a rich history and a versatile present. Their enduring popularity stems not only from their taste and variety but also from their deep-rooted associations with comfort and community. As they continue to evolve and adapt to modern tastes and nutritional trends, muffins remain a beloved staple in kitchens and cafes around the world, symbolizing the simple joys of baking and sharing."
244,mrcr,8needle,"(131072,262144]",224512,976,0.05729905,10.31,0.018354747205072585,True,False,,"AZvd42cSUPCertainly! Here is a short essay on the topic of demands:

---

### Understanding the Nature of Demands

In the intricate tapestry of human interactions and societal structures, the concept of ""demands"" holds a significant position. Whether in economics, politics, personal relationships, or psychology, demands shape behaviors, influence decisions, and drive change. Understanding the nature of demands is essential for navigating the complexities of human society and fostering growth on both personal and communal levels.

At its core, a demand refers to a pressing need or a strong request for something deemed necessary or desirable. In the realm of economics, demand dictates the quantity of a product or service that consumers are willing and able to purchase at various price levels. This fundamental principle is central to market dynamics, influencing supply chains, price regulations, and economic policies. The law of demand underscores a critical relationship: as the price of a good decreases, the quantity demanded generally increases, assuming other factors are constant. Thus, businesses and economies rely on a nuanced understanding of demand to adapt and thrive in ever-changing markets.

In the political arena, demands manifest as calls for policy changes, reforms, or even revolutions. Citizens, advocacy groups, and political leaders express demands to address societal issues such as inequality, injustice, and environmental degradation. The rise of social media has amplified these demands, enabling rapid dissemination of ideas and coordination of collective actions. Successful movements often hinge on effectively articulating and negotiating demands, highlighting the power dynamics inherent in societal change.

Personal relationships are not immune to the presence of demands either. Individuals frequently grapple with balancing personal desires with the needs and expectations of family, friends, and romantic partners. Healthy relationships require open communication and negotiation of demands to ensure mutual respect and understanding. Conflict often arises when demands are perceived as unreasonable or when there is a failure to acknowledge or accommodate them.

From a psychological perspective, demands can significantly impact mental health and well-being. The pressure to meet external or internalized demands—be it from societal standards, career ambitions, or personal goals—can lead to stress and anxiety. Thus, modern discussions around mental health emphasize the importance of setting realistic expectations and cultivating resilience to manage the myriad demands faced by individuals.

To conclude, demands are an integral part of the human experience, shaping economies, influencing societal change, and affecting personal interactions. By understanding and addressing these demands thoughtfully, individuals and communities can foster environments of growth, cooperation, and sustainability. As we continue to navigate an interconnected world, the ability to balance and manage demands will remain a vital skill for success and fulfillment.

---

This essay explores the multifaceted nature of demands across different contexts, highlighting their significance and the necessity for thoughtful management in various aspects of life."
245,mrcr,8needle,"(131072,262144]",240545,505,0.0607421,6.15,0.9994249568717654,True,False,,"kidvPBrrLg(Verse 1)  
In this world of lights and sound,  
Where ripples echo all around,  
Every step we take, every move we make,  
Sets in motion waves that break.  

With a whisper or a call,  
In a moment, big or small,  
Every heartbeat, every choice,  
Carries with it its own voice.  

(Chorus)  
Oh, the effects, they ripple through the night,  
A gentle breeze or a storm's furious might.  
Wherever we wander, whatever we do,  
The effects of our actions will always follow through.  

(Verse 2)  
A smile given on a cloudy day,  
Can turn the darkest skies to gray.  
The kindness shared, a helping hand,  
Can build a bridge from land to land.  

A single word, a fleeting glance,  
Can alter fate or end a chance.  
In the echoes of the things we've done,  
Trace the webs they’ve spun.  

(Chorus)  
Oh, the effects, they ripple through the night,  
A gentle breeze or a storm's furious might.  
Wherever we wander, whatever we do,  
The effects of our actions will always follow through.  

(Bridge)  
So let’s weave a tapestry, of love and light,  
Paint the world in colors bright.  
Let’s be the cause, the spark, the flame,  
Leaving echoes of our name.  

(Verse 3)  
For in this dance of time and fate,  
We hold the brush, we’re never late.  
Paint with intention, stride with care,  
The effects we leave are everywhere.  

(Chorus)  
Oh, the effects, they ripple through the night,  
A gentle breeze or a storm's furious might.  
Wherever we wander, whatever we do,  
The effects of our actions will always follow through.  

(Outro)  
In a world that turns with endless grace,  
Let’s make a mark, let’s leave a trace.  
For in every heart, in this great mosaic,  
Lies the story of our effect—forever magic, forever epic."
246,mrcr,8needle,"(131072,262144]",193344,638,0.049101450000000005,6.25,0.9991111111111111,True,False,,"TOXenRXRQL**Title: Local Community Rallies to Provide Assistance to Families in Need**

*Cityville, October 25, 2023* — In a heartwarming display of solidarity, the residents of Cityville have come together to support families facing economic hardships as the winter season approaches. A grassroots initiative, labeled ""Neighbours Helping Neighbours,"" has been launched to provide much-needed assistance to low-income households struggling to make ends meet.

The campaign, spearheaded by local nonprofit organization Cityville Cares, has already gained significant traction. It aims to supply essentials such as food, clothing, and heating support to those in need. The initiative comes in response to the rising cost of living that has left many families in the area grappling with financial insecurity.

Volunteer groups have been tirelessly working to collect donations and distribute them throughout the community. Local businesses have also joined the cause, offering discounts on essential goods and setting up collection points in their stores for donations.

""Cityville has always been a close-knit community,"" said Maria Lopez, director of Cityville Cares. ""The overwhelming response from residents and businesses alike has been extraordinary. It shows the power of community spirit and the impact of collective effort in making a real difference.""

One recipient of the aid, Sarah Thompson, a single mother of two, expressed her gratitude, saying, ""This support means everything to us right now. It's not just about the material help; it's also about knowing that our community cares.""

The initiative is accepting contributions of non-perishable food, warm clothing, and monetary donations. Cityville Cares plans to extend the campaign throughout the winter months, ensuring that no family goes without the necessities during this season.

As the initiative gains momentum, it serves as a reminder of the power of community and the importance of coming together to lend a helping hand to those in need. The ""Neighbours Helping Neighbours"" campaign exemplifies the spirit of unity and compassion that defines Cityville.

For more information on how to contribute or receive assistance, visit the Cityville Cares website or contact their main office."
247,mrcr,8needle,"(131072,262144]",192885,1322,0.0498075,13.26,0.07717817304793488,True,False,,"Y7pplYTVKC**Verse 1**  
In the dawn of life, we're free to roam,  
In fields of dreams, we build our home.  
With hearts untamed and eyes so wide,  
We chase the stars with every stride.  

**Pre-Chorus**  
Every twist, every turn,  
Lessons learned while bridges burn.  
We find our way through life's great maze,  
In the dance of time and never-ending days.  

**Chorus**  
Oh, the stages that we go through,  
Every moment, every hue.  
In the tapestry of time, we weave,  
Stories that we dare to believe.  
From the dawn until the night,  
Every stage reflects the light.  
With every heartbeat, every page,  
Life unfolds on different stages.  

**Verse 2**  
In the noon of life, we rise and fall,  
We build our dreams, we give it all.  
Through stormy seas and skies so blue,  
We climb the heights, we push on through.  

**Pre-Chorus**  
Every joy, every pain,  
All the sunshine and the rain.  
We dance in shadows, chase the sun,  
In the journey that's just begun.  

**Chorus**  
Oh, the stages that we go through,  
Every moment, every hue.  
In the tapestry of time, we weave,  
Stories that we dare to believe.  
From the dawn until the night,  
Every stage reflects the light.  
With every heartbeat, every page,  
Life unfolds on different stages.  

**Bridge**  
In the twilight, we reflect,  
On paths we've walked, the dreams unchecked.  
Through the echoes, whispers of the past,  
We find the strength to make them last.  

**Chorus**  
Oh, the stages that we go through,  
Every moment, every hue.  
In the tapestry of time, we weave,  
Stories that we dare to believe.  
From the dawn until the night,  
Every stage reflects the light.  
With every heartbeat, every page,  
Life unfolds on different stages.  

**Outro**  
And as the curtain gently falls,  
We treasure echoes in the halls.  
For every stage that we've portrayed,  
Is the masterpiece our lives have made."
248,mrcr,8needle,"(131072,262144]",134781,567,0.0343755,5.71,1.0,True,False,,"NPnuBb2ccE**[Diary Entry: October 10, 2023]**

Dear Diary,

Today was another day filled with great appreciation for doctors. I've been reflecting on how integral they are to our lives and how they often silently shoulder the burden of keeping communities healthy and resilient.

My day started with a routine check-up at the clinic. Despite the busy waiting room, Dr. Thompson, my physician, greeted me with her familiar warmth and genuine interest in my well-being. There's something comforting about how she listens so intently, jotting down notes, and occasionally nodding in understanding. It’s like she’s a detective piecing together the clues provided by my health reports and descriptions of symptoms.

The incredible thing about doctors is not just their medical expertise, but the empathy and patience they bring to their practice. Today, as I sat in the waiting room, I noticed a child nervously clutching his mother’s hand. Dr. Thompson emerged shortly after and, with a kind smile, managed to dissipate the little boy's fears with just a few gentle words. It’s these small, everyday moments that reveal how profoundly doctors impact our lives.

In our session, we talked not only about my physical health but also about the stress I’ve been feeling lately. Her advice was more holistic, encouraging me to not only take care of my body but also my mind and emotions. It reminded me that healthcare is not just about prescribing medication but fostering a sense of overall well-being.

As I left the clinic, I couldn't help but think about the extensive training and long hours doctors endure. It's a demanding profession, yet they tirelessly work to ensure we have healthier lives. I’ve heard stories of doctors providing care in the most challenging circumstances, from global pandemics to natural disasters. Their dedication is nothing short of heroic.

I hope I never take for granted the privilege of having access to such care. Today, I’m reminded of how grateful I am for doctors like Dr. Thompson who, with compassion and skill, make a significant difference in so many lives—including mine.

Until next time,  
[Your Name]"
249,mrcr,8needle,"(131072,262144]",211719,711,0.0537828,7.06,0.05660778889125346,True,False,,"aSz4O51Fa9**Title: States Innovate and Adapt in Response to Challenges**

**By [Your Name], [Date]**

In recent months, states across the United States have been at the forefront of innovation and adaptation, tackling a wide array of challenges from economic recovery to environmental sustainability. As 2023 unfolds, state governments are increasingly taking tailored approaches to address the unique needs and circumstances of their populations.

A significant trend emerging from this period is the emphasis on green energy initiatives. States like California and New York are leading the charge, investing heavily in renewable energy projects. California recently announced its ambitious plan to construct the largest solar farm in the nation, projected to power over 500,000 homes and significantly cut down carbon emissions. Meanwhile, New York is set to launch a statewide electric vehicle incentive program aimed at reducing reliance on fossil fuels.

Economic recovery post-pandemic continues to be a priority for states, with many enacting measures to support small businesses and stimulate job growth. Texas, for instance, has implemented a series of tax cuts and grants designed to rejuvenate its local economies, proving essential for industries still reeling from previous disruptions.

In education, states are diversifying their approaches to address learning gaps exacerbated by Covid-19. Michigan is pioneering a comprehensive tutoring network, deploying resources to help students catch up academically. This initiative aims to provide personalized learning support, particularly in underserved communities.

Healthcare systems are also receiving attention, with many states expanding Medicaid and investing in telehealth infrastructure. Florida's recent Medicaid expansion is expected to provide coverage to over 700,000 residents, marking a significant shift in the state's healthcare policy direction.

Furthermore, addressing the growing concerns over housing affordability, several states are implementing novel housing policies. Oregon, for example, is experimenting with zoning reforms aimed at increasing housing supply and reducing costs for residents.

As states continue to address pressing issues with innovative solutions, they pave the way for a more resilient and adaptable nation, setting examples that may influence federal policies in the future. While diverse in their approaches, these efforts highlight the crucial role states play in navigating and solving the challenges of today.

**[Your Name] is a writer for [Your Publication], specializing in state policy and innovation.**"
250,mrcr,8needle,"(131072,262144]",199039,1394,0.051432399999999996,14.95,0.04156107450582869,True,False,,"mkpnlDYMMLIn the court of eyes, where whispers loom,  
Judgment casts its silent gloom.  
A glance, a word, can tip the scale,  
Where fragile hearts are most frail.  

In the mirror, each day we stand,  
Harshest critics, our own command.  
Reflecting flaws, both real and spun,  
Laden with weight, we try to run.  

A casual voice, a pointed stare,  
Invisible chains they often wear.  
Assumptions rise, built on the sand,  
Crumbled castles in judgment's hand.  

Yet deeper beneath that shallow sea,  
True understanding yearns to be.  
Kindness whispers, soft and low,  
Beyond first sight, through shadows grow.  

For none are perfect, all have sinned,  
In life's vast theater, judgment thinned.  
Open hearts and open minds,  
Release the bonds that judgment binds.  

Let gentle wisdom take its place,  
Where empathy shall find its grace.  
In the quiet hush, let justice ring,  
A kinder world our hopes might bring."
251,mrcr,8needle,"(131072,262144]",177299,418,0.044826200000000004,4.67,1.0,True,False,,"Y1oyebp3pq(Verse 1)  
Slithering through the grass so green,  
Silent shadows, barely seen,  
With scales that shimmer in the sun,  
A dance of danger has begun.  

(Pre-Chorus)  
Gliding with a mysterious grace,  
No footprints, not a single trace,  
Eyes of amber, secrets to hold,  
A story whispered, ages old.  

(Chorus)  
Snakes, weaving through the night,  
Guardians of mystery, keepers of the light,  
Coiled in silence, they dream,  
In the world where wild things gleam.  

(Verse 2)  
Beneath the moon's silver glow,  
They teach us things we need to know,  
The art of patience, a waiting game,  
With tongues that flicker like a flame.  

(Pre-Chorus)  
In deserts and forests, they thrive,  
In stillness, they seem so alive,  
Masters of their secret domain,  
Their wisdom's echo will remain.  

(Chorus)  
Snakes, weaving through the night,  
Guardians of mystery, keepers of the light,  
Coiled in silence, they dream,  
In the world where wild things gleam.  

(Bridge)  
Born from the earth, ancient and wise,  
Teach us to see through different eyes,  
In their presence, time stretches thin,  
An endless journey, where dreams begin.  

(Outro)  
So when you see them slip away,  
In shadows where they softly play,  
Remember their tales, their ancient lore,  
In every hiss, there's something more.  

Snakes, weaving through the night,  
Guardians of mystery, out of sight."
252,mrcr,8needle,"(131072,262144]",259259,1096,0.0661298,10.86,0.02742409402546523,True,False,,"mlzCS98ySYIn the realm of quiet pages,  
Where whispered thoughts reside,  
Volumes stand like ancient sages,  
With secrets tucked inside.  

Bound in leather, cloth, or paper,  
Their covers start to shield,  
Treasures told by every scraper,  
Worlds they long reveal.  

Volumes speak in varied voices,  
Histories, dreams, and lore,  
Echoes of forgotten choices,  
Stories of yore implore.  

Some are tomes of endless learning,  
Filled with facts and truth,  
Others, tales of fervent yearnings,  
Adventures of youth.  

Layered deep within their bindings,  
Lies the heart and mind,  
Chronicles of hope and findings,  
For seekers of all kinds.  

Ink and parchment dance together,  
Crafting timeless art,  
In their quiet, sturdy tether,  
Beats a binding heart.  

Volumes rise on shelves of wisdom,  
Waiting to be found,  
Guardians of life’s vast kingdom,  
Silently profound.  

So, open wide their well-worn covers,  
Let your spirit soar,  
Meet the tales they gently offer,  
In volumes evermore."
253,mrcr,8needle,"(131072,262144]",189889,1103,0.0487957,9.86,0.060210737581535376,True,False,,"gylMOwxanxIn fields of green where daisies sway,  
A joyful bark begins to play,  
With wagging tail and bounding feet,  
A dog turns every walk to treat.  

Golden sun on fur aglow,  
Chasing dreams where rivers flow,  
Sniffing secrets on the breeze,  
Paws dance lightly through the leaves.  

Eyes like puddles, deep and round,  
Reflect the love they've always found,  
Loyal hearts, forever true,  
Soulful glances, skies of blue.  

In shadowed nooks or sunlight's grace,  
Companion found in every place,  
A gentle nudge, a knowing glance,  
Invites us all to take a chance.  

When weary hearts find no reprieve,  
Their gentle presence bids us believe,  
In boundless love with each embrace,  
In the warmth of fur, we find our place.  

Oh, dogs, with spirits wild and free,  
In your company, we learn to be,  
To live with joy, undaunted, whole,  
In wondrous worlds that soothe the soul."
254,mrcr,8needle,"(131072,262144]",207822,1804,0.05412015,16.79,0.9977978957670663,True,False,,"ShjGvST9xp**Title: River of Life**

*(Verse 1)*  
In the quiet of the night, where the shadows hide,  
Flows a river deep within, where our secrets bide.  
Crimson tides in silent dance, beneath the skin they run,  
Whispers of the heart that pulse, beneath the fading sun.*

*(Pre-Chorus)*  
Every heartbeat tells a story, every drop a tale,  
Coursing through the veins of time, where the strong prevail.  
Flowing with a force of life, wrapped in mystery,  
Through the highs and lows it rides, our silent symphony.*

*(Chorus)*  
Blood, the river of life, a flowing sea,  
Carrying the dreams and the memories.  
In its depths, the past and future intertwine,  
A scarlet thread that binds us all, through space and time.*

*(Verse 2)*  
From the moment we begin, to the final sigh,  
Blood unravels who we are, beneath the painted sky.  
Carving pathways through our souls, mapping out the way,  
In the rush of life it leads, in night and light of day.*

*(Pre-Chorus)*  
In the dance of every heartbeat, hear the echoes ring,  
Through the shadows and the light, it weaves the song we sing.  
Silent and resilient, running through our core,  
Carrying the strength of life, forever to explore.*

*(Chorus)*  
Blood, the river of life, a flowing sea,  
Carrying the dreams and the memories.  
In its depths, the past and future intertwine,  
A scarlet thread that binds us all, through space and time.*

*(Bridge)*  
In the darkest hour, it flows, through valleys of despair,  
A beacon in the endless night, a symbol that we share.  
It ties us to the ones we've lost, a lineage so grand,  
In the river of our blood, united we stand.*

*(Chorus)*  
Blood, the river of life, a flowing sea,  
Carrying the dreams and the memories.  
In its depths, the past and future intertwine,  
A scarlet thread that binds us all, through space and time.*

*(Outro)*  
Flow on, river of life, through the hush of night,  
In your endless embrace, we'll find the light.  
In your beauty and your grace, in your silent roar,  
Blood, the river of life, forevermore.*"
255,mrcr,8needle,"(131072,262144]",141089,1007,0.0364805,9.74,0.050422705314009664,True,False,,"9W0rMIR3gMExistence, a concept both intimately familiar and profoundly mysterious, touches every facet of life and echoes throughout the corridors of philosophy, science, and spirituality. It is the state in which everything that is, resides—the starting point for inquiry and the stage upon which reality performs its endlessly shifting dance. While the notion of existence often seems self-evident, it raises questions that challenge the limits of human understanding and inspire endless exploration.

At its core, the question of existence is intertwined with the nature of reality itself. From the moment humans became sentient beings capable of self-reflection, we have wrestled with understanding what it means to exist. Ancient philosophers like Parmenides and Heraclitus pondered whether reality was static or perpetually in flux. Their discussions laid the groundwork for an ongoing dialogue that has evolved through the centuries. In the modern era, existential philosophers such as Jean-Paul Sartre and Martin Heidegger delved deeply into the personal and subjective dimensions of existence, asserting that it is defined not just by the brute fact of ""being"" but by consciousness, choice, and the inherent search for meaning.

From a scientific perspective, existence is examined through the lens of empirical evidence and theoretical frameworks. The physical universe, composed of matter and energy interacting in complex ways, is the realm where existence is most palpably observed. The Big Bang theory, quantum mechanics, and the theory of relativity offer glimpses into the mechanisms that govern the universe's existence, yet they also reveal its inherent mysteries, such as the nature of dark matter and the peculiarities of subatomic particles. Science, in this way, provides a structure to understand existence while simultaneously uncovering the expansive unknown that still awaits exploration.

Religious and spiritual traditions offer yet another lens through which existence can be understood. Many religions propose that existence is not merely a fortuitous outcome of chance but is imbued with purpose and intention by a higher power or cosmic order. Spiritual teachings often emphasize the interconnectedness of all life, suggesting that existence is a tapestry woven with threads of unity and divine will. This perspective infuses existence with meaning beyond the material, proposing dimensions of reality that transcend empirical observation.

In the everyday lives of individuals, the experience of existence is deeply personal, an amalgam of sensory perception, emotional depth, and cognitive understanding. Each person navigates their own journey, seeking to make sense of their place in the vast universe. The quest for meaning—a pathway through which humans strive to define their existence—is a fundamental driving force of the human spirit. It manifests in the creation of art, the pursuit of knowledge, and acts of love and kindness.

In essence, existence is the canvas of potential upon which life unfolds. It is simultaneously an undeniable reality and a profound mystery, an inescapable aspect of the human experience. Whether approached through philosophy, science, or spirituality, the exploration of existence is a quest for understanding that fuels the intellectual and existential pursuits of humanity. In seeking to comprehend existence, we not only learn about the universe and our place within it, but we also glimpse the enduring beauty of simply being."
256,mrcr,8needle,"(131072,262144]",137744,486,0.03501905,5.5,0.02467035304125904,True,False,,"VAUPEFeyUyIn a quiet room where thoughts take flight,  
A humble pen waits, ink-dark as night.  
Its slender form, both sleek and true,  
Holds stories untold, both old and new.  

With a gentle touch, it starts to dance,  
Across the paper's vast expanse.  
A swirl, a line, a dot, a curve,  
Capturing thoughts with patient verve.  

In blue, in black, in shades of green,  
It paints the canvas, scene by scene.  
From heartfelt letters to drafts of dreams,  
The pen gives life to endless schemes.  

It knows the secrets of silent nights,  
When whispered hopes turn into writes.  
A partner in solitude, a confidant,  
Recording desires that souls may want.  

A witness to history, both great and small,  
The pen has seen and captured it all.  
From treaties of peace to notebooks of lore,  
Its legacy echoes forevermore.  

In classrooms and courts, in homes and halls,  
The pen unites and bridges the walls.  
A tool, a weapon, a cherished friend,  
Its journey is endless, without an end.  

So here's to the pen, in its modest might,  
For turning the darkness into light.  
A poet, an artist, a bard’s best friend,  
With every stroke, new worlds transcend."
257,mrcr,8needle,"(131072,262144]",178637,1458,0.0464087,15.03,0.050678269772203736,True,False,,"D9ijPZ3sQc**[Date: March 15, 2023]**

Dear Diary,

Today has been one of those days that remind me of just how much my family means to me. It's amazing how a simple gathering can fill my heart with so much warmth and gratitude.

We all gathered at my parents' house for dinner tonight. It wasn't a special occasion, just one of those spontaneous get-togethers that seem to happen more often now that we all live in different places. As soon as I walked through the door, I was hit by the familiar scent of my mom's cooking and the comforting sound of laughter echoing from the living room.

My siblings were already there, and it was pure joy to see their faces. We don't always get along perfectly, but there's something about being together that always feels right. We spent the afternoon catching up, reminiscing about old memories, and creating new ones. The house was alive with chatter and the noisy chaos that seems to follow whenever our family congregates.

We sat around the table for hours after the meal was over, sharing stories and just enjoying each other's company. My dad was in high spirits, retelling stories we've all heard a thousand times, and yet we laughed just as hard as if it were the first. My mom, as always, was the cornerstone, ensuring everyone's plates were full and that everyone felt loved.

As I looked around the table, I felt so much gratitude for each member of my family. For my parents, who have always been our pillars of strength. For my siblings, who despite our differences, are always there for me. And for the small, everyday moments like these that we often take for granted but hold such immense value.

Family isn't always perfect. We have our disagreements and challenges, but days like today remind me of the bond we share. It's a bond built on love, resilience, and a shared history only we understand.

As I say goodnight tonight, I can't help but feel incredibly blessed. No matter where life takes me, having this family to come back to makes everything worthwhile. I wish for many more days like today, filled with laughter, love, and togetherness.

Until tomorrow.

Love,
[Your Name]"
258,mrcr,8needle,"(131072,262144]",245372,608,0.06207245,7.23,0.07219251336898395,True,False,,"3RPSJUoy2DOctober 21, 2023

Dear Diary,

Today was all about directions, both literal and metaphorical. I set out this morning with a plan to visit a new coffee shop downtown that I've heard so much about. Naturally, given my track record with navigation, I got lost. I should probably start considering a GPS, but there's something thrilling about tackling the city streets with just a paper map and my wits.

While wandering, I recalled a conversation I had recently about the directions our lives take. Just as I was trying to find the best route to the café, I've been contemplating the path I'm on and if it's leading me where I want to go. It's so easy to stay on a predetermined road, especially one that others expect of you, but veering off-course is sometimes where the magic happens.

After a few wrong turns and some friendly guidance from a kind stranger, I finally found the café. It was every bit as delightful as I hoped, nestled cozily between a bookstore and a flower shop. As I sat there sipping my latte, it struck me that getting lost wasn't such a bad thing. In search of one destination, I stumbled upon unexpected charm and new experiences. Maybe that's how I should approach my life's journey—open to detours, guided by curiosity rather than strict plans.

Tonight, as I sit at my desk, I feel a sense of reassurance. Just like navigating city streets, direction in life doesn't always have to be precise. A few wrong turns can lead to beautiful surprises, and those are the ones worth cherishing.

Until next time,

[Your Name]"
259,mrcr,8needle,"(131072,262144]",145915,546,0.037133799999999995,4.78,1.0,True,False,,"n6q4IZEqu0**Title: Breakthrough in Sustainable Materials: Scientists Develop Eco-Friendly Alternative to Traditional Plastics**

**Date: October 18, 2023**

**Location: Boston, MA**

In a significant advancement for sustainable technology, scientists at the Massachusetts Institute of Technology (MIT) have developed a groundbreaking eco-friendly material poised to revolutionize the plastic industry. This new material, derived from plant-based sources, offers a sustainable alternative to petroleum-based plastics, addressing growing environmental and health concerns over plastic pollution.

The material, termed ""BioResin,"" is crafted from cellulose extracted from abundant plant sources, such as agricultural waste and fast-growing grasses. Unlike traditional plastics, BioResin is designed to degrade naturally in the environment within a year, significantly reducing its ecological footprint and mitigating the global issue of plastic waste that threatens wildlife and ecosystems.

Lead researcher Dr. Emily Zhou explained, ""Our team was inspired to create a material that not only mimics the versatility and durability of conventional plastics but also aligns with the principles of a circular economy. BioResin holds the potential to transform industries by becoming a key component in packaging, textiles, and even construction.""

Early trials have demonstrated promising results, with BioResin exhibiting similar strength and shape-forming capabilities to standard plastic polymers. Moreover, its production process is energy-efficient and releases fewer greenhouse gases compared to the conventional plastic manufacturing process.

Industry leaders and environmental groups alike have hailed the innovation as a critical step towards reducing humanity's reliance on non-renewable resources. ""This development is a testament to the transformative power of green technology,"" commented Jonathan Hayes, a spokesperson for the global environmental organization, EarthWatch. ""Innovations like this are essential to fostering sustainable development and ensuring a healthier planet for future generations.""

The MIT research team is now working on scaling up production and exploring commercial partnerships to bring this material to market. If successful, BioResin could hit store shelves within the next two years, offering consumers a viable, environmentally friendly alternative to traditional plastic products.

**Contact:**

For more information, please contact the MIT Press Office at press@mit.edu or call (617) 555-1234."
260,mrcr,8needle,"(131072,262144]",216721,599,0.0548989,7.45,0.03462204270051933,True,False,,"Df8Cbvj2Dg**Verse 1**  
In the heart of a small town, where the streets wind and turn,  
People gather 'round, with so much to learn.  
Different voices blend, like a sweet melody,  
In the tapestry of life, that's where we'll be.

**Chorus**  
Together we rise, hand in hand, side by side,  
Through the storms and the sunshine, we stand with pride.  
In every heart a spark, in every soul a light,  
Wherever there’s community, the future’s looking bright.

**Verse 2**  
Stories old and new, passed down through the years,  
Laughter and tears shared, over hopes and fears.  
From the roots of our dreams, we grow tall and strong,  
In the dance of connection, all where we belong.

**Chorus**  
Together we rise, hand in hand, side by side,  
Through the storms and the sunshine, we stand with pride.  
In every heart a spark, in every soul a light,  
Wherever there’s community, the future’s looking bright.

**Bridge**  
When the road gets tough, and the way seems long,  
We lift each other up, where we all belong.  
With kindness as our guide, we find our way,  
Together we build a brighter day.

**Verse 3**  
From cities high and wide, to valleys lush and green,  
Every soul a thread in this vibrant, living scene.  
From every corner of the world, we find our unity,  
Celebrating life in this vibrant community.

**Chorus**  
Together we rise, hand in hand, side by side,  
Through the storms and the sunshine, we stand with pride.  
In every heart a spark, in every soul a light,  
Wherever there’s community, the future’s looking bright.

**Outro**  
So here's to us, to the bonds that never fade,  
In the symphony of life, together we're made.  
With love and hope, bound in unity,  
Forever we'll sing, in our community."
